from_position,to_position,expected_distance_um,actual_distance_um,difference_um,feed
"(-7.000000000,0.000000000)","(0.001000000,0.000000000)",1.0,2.947063171070284,1.9470631710702841,50.0
"(0.001000000,0.000000000)","(0.002000000,0.000000000)",1.0,1.3242024965505383,0.32420249655053834,50.0
"(0.002000000,0.000000000)","(0.001000000,0.000000000)",1.0,0.9471770879675141,-0.0528229120324859,50.0
"(0.001000000,0.000000000)","(0.000000000,0.000000000)",1.0,1.716676845021542,0.7166768450215419,50.0
"(0.000000000,0.000000000)","(0.000000000,0.001000000)",1.0,2.948005388172818,1.948005388172818,50.0
"(0.000000000,0.001000000)","(0.000000000,0.002000000)",1.0,2.1853585354504927,1.1853585354504927,50.0
"(0.000000000,0.002000000)","(0.000000000,0.001000000)",1.0,1.9705077073768327,0.9705077073768327,50.0
"(0.000000000,0.001000000)","(0.000000000,0.000000000)",1.0,2.121842257667226,1.1218422576672258,50.0
"(0.000000000,0.000000000)","(0.000707000,0.000707000)",0.999848988597778,2.44425217800624,1.4444031894084621,50.0
"(0.000707000,0.000707000)","(0.001414000,0.001414000)",0.999848988597778,2.787920684691484,1.7880716960937062,50.0
"(0.001414000,0.001414000)","(0.000707000,0.000707000)",0.999848988597778,2.839523164210819,1.839674175613041,50.0
"(0.000707000,0.000707000)","(0.000000000,0.000000000)",0.999848988597778,2.3889502208064464,1.3891012322086684,50.0
"(0.000000000,0.000000000)","(-0.000707000,0.000707000)",0.999848988597778,2.3900118140439948,1.3901628254462168,50.0
"(-0.000707000,0.000707000)","(0.000000000,0.001414000)",0.999848988597778,1.8244685405154637,0.8246195519176857,50.0
"(0.000000000,0.001414000)","(0.000707000,0.000707000)",0.999848988597778,1.9105346269975243,0.9106856383997463,50.0
"(0.000707000,0.000707000)","(0.000000000,0.000000000)",0.999848988597778,2.6567183899309117,1.6568694013331338,50.0
"(0.000000000,0.000000000)","(0.001000000,0.000000000)",1.0,2.0795372049690215,1.0795372049690215,50.0
"(0.001000000,0.000000000)","(0.000293000,0.000707000)",0.999848988597778,1.6147712548717692,0.6149222662739912,50.0
"(0.000293000,0.000707000)","(0.001000000,0.001414000)",0.999848988597778,1.6236623764762652,0.6238133878784872,50.0
"(0.001000000,0.001414000)","(0.001707000,0.000707000)",0.999848988597778,1.3752214678090418,0.3753724792112637,50.0
"(0.001707000,0.000707000)","(0.001000000,0.000000000)",0.999848988597778,2.5575105965266887,1.5576616079289107,50.0
"(0.001000000,0.000000000)","(0.000000000,0.000000000)",1.0,2.817351193626542,1.8173511936265418,50.0
"(0.000000000,0.000000000)","(-0.000707000,-0.000707000)",0.999848988597778,2.089544068298425,1.0896950797006473,50.0
"(-0.000707000,-0.000707000)","(0.000293000,-0.000707000)",1.0,2.267345485517863,1.267345485517863,50.0
"(0.000293000,-0.000707000)","(0.001293000,-0.000707000)",1.0,2.926327533189194,1.9263275331891938,50.0
"(0.001293000,-0.000707000)","(0.000586000,0.000000000)",0.999848988597778,3.7118213340898882,2.7119723454921103,50.0
"(0.000586000,0.000000000)","(0.000000000,0.000000000)",0.5860000000000001,3.6556368127965806,3.0696368127965803,50.0
"(0.000000000,0.000000000)","(0.001000000,0.000000000)",1.0,1.0740254000031686,0.0740254000031686,50.0
"(0.001000000,0.000000000)","(0.002000000,0.000000000)",1.0,3.741319851790257,2.741319851790257,50.0
"(0.002000000,0.000000000)","(0.001000000,0.000000000)",1.0,2.645476015227801,1.6454760152278012,50.0
"(0.001000000,0.000000000)","(0.000000000,0.000000000)",1.0,2.3328503925963324,1.3328503925963324,50.0
"(0.000000000,0.000000000)","(0.000000000,0.001000000)",1.0,3.067956399728294,2.067956399728294,50.0
"(0.000000000,0.001000000)","(0.000000000,0.002000000)",1.0,2.592969213035391,1.5929692130353912,50.0
"(0.000000000,0.002000000)","(0.000000000,0.001000000)",1.0,2.9387258599063486,1.9387258599063486,50.0
"(0.000000000,0.001000000)","(0.000000000,0.000000000)",1.0,2.2945781949914843,1.2945781949914843,50.0
"(0.000000000,0.000000000)","(0.000707000,0.000707000)",0.999848988597778,2.2743586900432766,1.2745097014454987,50.0
"(0.000707000,0.000707000)","(0.001414000,0.001414000)",0.999848988597778,2.4222354661990937,1.4223864776013158,50.0
"(0.001414000,0.001414000)","(0.000707000,0.000707000)",0.999848988597778,2.625666319540536,1.6258173309427582,50.0
"(0.000707000,0.000707000)","(0.000000000,0.000000000)",0.999848988597778,2.785161922332548,1.7853129337347702,50.0
"(0.000000000,0.000000000)","(-0.000707000,0.000707000)",0.999848988597778,2.889686241203258,1.88983725260548,50.0
"(-0.000707000,0.000707000)","(0.000000000,0.001414000)",0.999848988597778,1.6559076607487198,0.6560586721509417,50.0
"(0.000000000,0.001414000)","(0.000707000,0.000707000)",0.999848988597778,1.7009707454572878,0.7011217568595097,50.0
"(0.000707000,0.000707000)","(0.000000000,0.000000000)",0.999848988597778,2.740880272530374,1.741031283932596,50.0
"(0.000000000,0.000000000)","(0.001000000,0.000000000)",1.0,2.3349392990448896,1.3349392990448896,50.0
"(0.001000000,0.000000000)","(0.000293000,0.000707000)",0.999848988597778,3.987248523524077,2.987399534926299,50.0
"(0.000293000,0.000707000)","(0.001000000,0.001414000)",0.999848988597778,4.057203926046145,3.057354937448367,50.0
"(0.001000000,0.001414000)","(0.001707000,0.000707000)",0.999848988597778,2.623864132249701,1.6240151436519232,50.0
"(0.001707000,0.000707000)","(0.001000000,0.000000000)",0.999848988597778,2.132863140674342,1.133014152076564,50.0
"(0.001000000,0.000000000)","(0.000000000,0.000000000)",1.0,1.5465024812694617,0.5465024812694617,50.0
"(0.000000000,0.000000000)","(-0.000707000,-0.000707000)",0.999848988597778,3.25646773912796,2.256618750530182,50.0
"(-0.000707000,-0.000707000)","(0.000293000,-0.000707000)",1.0,2.448976855389509,1.448976855389509,50.0
"(0.000293000,-0.000707000)","(0.001293000,-0.000707000)",1.0,1.9910767093215267,0.9910767093215267,50.0
"(0.001293000,-0.000707000)","(0.000586000,0.000000000)",0.999848988597778,2.5913641288296123,1.5915151402318344,50.0
"(0.000586000,0.000000000)","(0.000000000,0.000000000)",0.5860000000000001,2.6849659774450645,2.098965977445064,50.0
"(0.000000000,0.000000000)","(0.010000000,0.000000000)",10.0,4.9918995696828,-5.0081004303172,50.0
"(0.010000000,0.000000000)","(0.020000000,0.000000000)",10.0,6.342517195485103,-3.6574828045148973,50.0
"(0.020000000,0.000000000)","(0.010000000,0.000000000)",10.0,4.839707671261736,-5.160292328738264,50.0
"(0.010000000,0.000000000)","(0.000000000,0.000000000)",10.0,5.65183821670783,-4.34816178329217,50.0
"(0.000000000,0.000000000)","(0.000000000,0.010000000)",10.0,11.770742786372628,1.7707427863726277,50.0
"(0.000000000,0.010000000)","(0.000000000,0.020000000)",10.0,11.06473170097292,1.0647317009729207,50.0
"(0.000000000,0.020000000)","(0.000000000,0.010000000)",10.0,11.852541255166015,1.852541255166015,50.0
"(0.000000000,0.010000000)","(0.000000000,0.000000000)",10.0,11.662962554288454,1.6629625542884536,50.0
"(0.000000000,0.000000000)","(0.007071000,0.007071000)",9.999904099540155,9.282971674012066,-0.7169324255280891,50.0
"(0.007071000,0.007071000)","(0.014142000,0.014142000)",9.999904099540155,7.9562479547443115,-2.0436561447958432,50.0
"(0.014142000,0.014142000)","(0.007071000,0.007071000)",9.999904099540155,8.613666521106184,-1.3862375784339704,50.0
"(0.007071000,0.007071000)","(0.000000000,0.000000000)",9.999904099540155,8.803167530644648,-1.1967365688955063,50.0
"(0.000000000,0.000000000)","(-0.007071000,0.007071000)",9.999904099540155,10.427448030996484,0.42754393145632896,50.0
"(-0.007071000,0.007071000)","(0.000000000,0.014142000)",9.999904099540155,8.385574996560004,-1.6143291029801503,50.0
"(0.000000000,0.014142000)","(0.007071000,0.007071000)",9.999904099540155,8.583275109033941,-1.4166289905062133,50.0
"(0.007071000,0.007071000)","(0.000000000,0.000000000)",9.999904099540155,8.75815882247875,-1.2417452770614048,50.0
"(0.000000000,0.000000000)","(0.010000000,0.000000000)",10.0,4.556719261475887,-5.443280738524113,50.0
"(0.010000000,0.000000000)","(0.002929000,0.007071000)",9.999904099540155,9.688093413978798,-0.3118106855613565,50.0
"(0.002929000,0.007071000)","(0.010000000,0.014142000)",9.999904099540155,7.932740733389043,-2.067163366151112,50.0
"(0.010000000,0.014142000)","(0.017071000,0.007071000)",9.999904099540155,9.739205562292732,-0.2606985372474231,50.0
"(0.017071000,0.007071000)","(0.010000000,0.000000000)",9.999904099540155,8.441332694128684,-1.5585714054114703,50.0
"(0.010000000,0.000000000)","(0.000000000,0.000000000)",10.0,5.558529232087614,-4.441470767912386,50.0
"(0.000000000,0.000000000)","(-0.007071000,-0.007071000)",9.999904099540155,9.237970801250004,-0.7619332982901508,50.0
"(-0.007071000,-0.007071000)","(0.002929000,-0.007071000)",10.0,6.420808151382994,-3.579191848617006,50.0
"(0.002929000,-0.007071000)","(0.012929000,-0.007071000)",9.999999999999998,2.7270805254306962,-7.272919474569302,50.0
"(0.012929000,-0.007071000)","(0.005858000,0.000000000)",9.999904099540155,8.690593526757855,-1.3093105727822998,50.0
"(0.005858000,0.000000000)","(0.000000000,0.000000000)",5.8580000000000005,3.6771055823564742,-2.1808944176435263,50.0
"(0.000000000,0.000000000)","(0.010000000,0.000000000)",10.0,5.994152727957354,-4.005847272042646,50.0
"(0.010000000,0.000000000)","(0.020000000,0.000000000)",10.0,4.5563165940030155,-5.4436834059969845,50.0
"(0.020000000,0.000000000)","(0.010000000,0.000000000)",10.0,5.277862710748633,-4.722137289251367,50.0
"(0.010000000,0.000000000)","(0.000000000,0.000000000)",10.0,5.958539429268248,-4.041460570731752,50.0
"(0.000000000,0.000000000)","(0.000000000,0.010000000)",10.0,11.65242613393037,1.6524261339303692,50.0
"(0.000000000,0.010000000)","(0.000000000,0.020000000)",10.0,11.214980014767033,1.2149800147670327,50.0
"(0.000000000,0.020000000)","(0.000000000,0.010000000)",10.0,11.422213391832834,1.422213391832834,50.0
"(0.000000000,0.010000000)","(0.000000000,0.000000000)",10.0,11.601846947019052,1.6018469470190517,50.0
"(0.000000000,0.000000000)","(0.007071000,0.007071000)",9.999904099540155,8.27316445274355,-1.726739646796604,50.0
"(0.007071000,0.007071000)","(0.014142000,0.014142000)",9.999904099540155,8.83398335630843,-1.165920743231725,50.0
"(0.014142000,0.014142000)","(0.007071000,0.007071000)",9.999904099540155,8.986605912394916,-1.0132981871452387,50.0
"(0.007071000,0.007071000)","(0.000000000,0.000000000)",9.999904099540155,8.291701079767568,-1.7082030197725864,50.0
"(0.000000000,0.000000000)","(-0.007071000,0.007071000)",9.999904099540155,9.501279626830836,-0.4986244727093183,50.0
"(-0.007071000,0.007071000)","(0.000000000,0.014142000)",9.999904099540155,8.426409020083225,-1.5734950794569293,50.0
"(0.000000000,0.014142000)","(0.007071000,0.007071000)",9.999904099540155,9.379404929212136,-0.6204991703280189,50.0
"(0.007071000,0.007071000)","(0.000000000,0.000000000)",9.999904099540155,8.57200691790405,-1.427897181636105,50.0
"(0.000000000,0.000000000)","(0.010000000,0.000000000)",10.0,4.574585745063104,-5.425414254936896,50.0
"(0.010000000,0.000000000)","(0.002929000,0.007071000)",9.999904099540155,9.440878538019568,-0.5590255615205866,50.0
"(0.002929000,0.007071000)","(0.010000000,0.014142000)",9.999904099540155,7.885569230865763,-2.1143348686743915,50.0
"(0.010000000,0.014142000)","(0.017071000,0.007071000)",9.999904099540155,9.683659430586992,-0.3162446689531624,50.0
"(0.017071000,0.007071000)","(0.010000000,0.000000000)",9.999904099540155,8.548864418660681,-1.4510396808794734,50.0
"(0.010000000,0.000000000)","(0.000000000,0.000000000)",10.0,4.23207115504531,-5.76792884495469,50.0
"(0.000000000,0.000000000)","(-0.007071000,-0.007071000)",9.999904099540155,9.108180273235575,-0.8917238263045792,50.0
"(-0.007071000,-0.007071000)","(0.002929000,-0.007071000)",10.0,4.395389856101537,-5.604610143898463,50.0
"(0.002929000,-0.007071000)","(0.012929000,-0.007071000)",9.999999999999998,4.153335585012035,-5.846664414987964,50.0
"(0.012929000,-0.007071000)","(0.005858000,0.000000000)",9.999904099540155,9.131032611153763,-0.8688714883863913,50.0
"(0.005858000,0.000000000)","(0.000000000,0.000000000)",5.8580000000000005,3.529995984391406,-2.3280040156085944,50.0
"(0.000000000,0.000000000)","(0.050000000,0.000000000)",50.0,29.697668048684307,-20.302331951315693,50.0
"(0.050000000,0.000000000)","(0.100000000,0.000000000)",50.0,28.38533179296632,-21.61466820703368,50.0
"(0.100000000,0.000000000)","(0.050000000,0.000000000)",50.0,28.91267481964748,-21.08732518035252,50.0
"(0.050000000,0.000000000)","(0.000000000,0.000000000)",50.0,26.584530730407383,-23.415469269592617,50.0
"(0.000000000,0.000000000)","(0.000000000,0.050000000)",50.0,54.513616015970086,4.513616015970086,50.0
"(0.000000000,0.050000000)","(0.000000000,0.100000000)",50.0,40.13408375675225,-9.865916243247753,50.0
"(0.000000000,0.100000000)","(0.000000000,0.050000000)",50.0,40.79239102229414,-9.20760897770586,50.0
"(0.000000000,0.050000000)","(0.000000000,0.000000000)",50.0,54.963722397434054,4.963722397434054,50.0
"(0.000000000,0.000000000)","(0.035355000,0.035355000)",49.99952049770077,42.32886287627581,-7.670657621424965,50.0
"(0.035355000,0.035355000)","(0.070711000,0.070711000)",50.00093471126315,35.8275624902229,-14.173372221040246,50.0
"(0.070711000,0.070711000)","(0.035355000,0.035355000)",50.00093471126315,36.7299110169557,-13.271023694307452,50.0
"(0.035355000,0.035355000)","(0.000000000,0.000000000)",49.99952049770077,41.612050547361214,-8.387469950339558,50.0
"(0.000000000,0.000000000)","(-0.035355000,0.035355000)",49.99952049770077,48.61312028883075,-1.3864002088700218,50.0
"(-0.035355000,0.035355000)","(0.000000000,0.070711000)",50.00022760948194,36.17076631433181,-13.829461295150132,50.0
"(0.000000000,0.070711000)","(0.035355000,0.035355000)",50.00022760948194,41.46182411056143,-8.538403498920509,50.0
"(0.035355000,0.035355000)","(0.000000000,0.000000000)",49.99952049770077,40.55568946048406,-9.443831037216711,50.0
"(0.000000000,0.000000000)","(0.050000000,0.000000000)",50.0,29.587710343296514,-20.412289656703486,50.0
"(0.050000000,0.000000000)","(0.014645000,0.035355000)",49.99952049770078,47.16930456785598,-2.8302159298447975,50.0
"(0.014645000,0.035355000)","(0.050000000,0.070711000)",50.00022760948194,35.71534963160798,-14.284877977873961,50.0
"(0.050000000,0.070711000)","(0.085355000,0.035355000)",50.00022760948194,41.86876200908268,-8.13146560039926,50.0
"(0.085355000,0.035355000)","(0.050000000,0.000000000)",49.99952049770077,41.46201661510371,-8.537503882597065,50.0
"(0.050000000,0.000000000)","(0.000000000,0.000000000)",50.0,29.52091329154994,-20.47908670845006,50.0
"(0.000000000,0.000000000)","(-0.035355000,-0.035355000)",49.99952049770077,40.885010058171936,-9.114510439528836,50.0
"(-0.035355000,-0.035355000)","(0.014645000,-0.035355000)",49.99999999999999,31.08128356907618,-18.918716430923812,50.0
"(0.014645000,-0.035355000)","(0.064645000,-0.035355000)",49.99999999999999,28.247568190853297,-21.752431809146696,50.0
"(0.064645000,-0.035355000)","(0.029289000,0.000000000)",50.00022760948194,46.13822518538748,-3.862002424094456,50.0
"(0.029289000,0.000000000)","(0.000000000,0.000000000)",29.288999999999998,15.032799199888164,-14.256200800111834,50.0
"(0.000000000,0.000000000)","(0.050000000,0.000000000)",50.0,28.62056130910183,-21.37943869089817,50.0
"(0.050000000,0.000000000)","(0.100000000,0.000000000)",50.0,30.062464421264412,-19.937535578735588,50.0
"(0.100000000,0.000000000)","(0.050000000,0.000000000)",50.0,30.987829968793775,-19.012170031206225,50.0
"(0.050000000,0.000000000)","(0.000000000,0.000000000)",50.0,29.592762509188145,-20.407237490811855,50.0
"(0.000000000,0.000000000)","(0.000000000,0.050000000)",50.0,52.48400887577179,2.484008875771792,50.0
"(0.000000000,0.050000000)","(0.000000000,0.100000000)",50.0,42.244931328886146,-7.755068671113854,50.0
"(0.000000000,0.100000000)","(0.000000000,0.050000000)",50.0,41.69986407794331,-8.30013592205669,50.0
"(0.000000000,0.050000000)","(0.000000000,0.000000000)",50.0,53.064907059801875,3.0649070598018753,50.0
"(0.000000000,0.000000000)","(0.035355000,0.035355000)",49.99952049770077,42.806188983003146,-7.1933315146976256,50.0
"(0.035355000,0.035355000)","(0.070711000,0.070711000)",50.00093471126315,35.95829492971026,-14.042639781552886,50.0
"(0.070711000,0.070711000)","(0.035355000,0.035355000)",50.00093471126315,37.352661398968195,-12.648273312294954,50.0
"(0.035355000,0.035355000)","(0.000000000,0.000000000)",49.99952049770077,40.84992425386579,-9.149596243834985,50.0
"(0.000000000,0.000000000)","(-0.035355000,0.035355000)",49.99952049770077,47.60215575486823,-2.3973647428325435,50.0
"(-0.035355000,0.035355000)","(0.000000000,0.070711000)",50.00022760948194,35.77073071125014,-14.229496898231801,50.0
"(0.000000000,0.070711000)","(0.035355000,0.035355000)",50.00022760948194,40.601020274069924,-9.399207335412015,50.0
"(0.035355000,0.035355000)","(0.000000000,0.000000000)",49.99952049770077,40.362759737075926,-9.636760760624846,50.0
"(0.000000000,0.000000000)","(0.050000000,0.000000000)",50.0,27.727761360485538,-22.272238639514462,50.0
"(0.050000000,0.000000000)","(0.014645000,0.035355000)",49.99952049770078,45.67625457544098,-4.3232659222598,50.0
"(0.014645000,0.035355000)","(0.050000000,0.070711000)",50.00022760948194,34.29312978126249,-15.707097828219446,50.0
"(0.050000000,0.070711000)","(0.085355000,0.035355000)",50.00022760948194,43.49865909521928,-6.501568514262658,50.0
"(0.085355000,0.035355000)","(0.050000000,0.000000000)",49.99952049770077,41.37724686943074,-8.62227362827003,50.0
"(0.050000000,0.000000000)","(0.000000000,0.000000000)",50.0,27.520085651339794,-22.479914348660206,50.0
"(0.000000000,0.000000000)","(-0.035355000,-0.035355000)",49.99952049770077,41.37226574606952,-8.627254751631249,50.0
"(-0.035355000,-0.035355000)","(0.014645000,-0.035355000)",49.99999999999999,31.529743209209578,-18.470256790790415,50.0
"(0.014645000,-0.035355000)","(0.064645000,-0.035355000)",49.99999999999999,26.836728676479524,-23.16327132352047,50.0
"(0.064645000,-0.035355000)","(0.029289000,0.000000000)",50.00022760948194,43.75905354318589,-6.241174066296047,50.0
"(0.029289000,0.000000000)","(0.000000000,0.000000000)",29.288999999999998,16.207452635550688,-13.08154736444931,50.0
"(0.000000000,0.000000000)","(0.100000000,0.000000000)",100.0,55.84104904916439,-44.15895095083561,50.0
"(0.100000000,0.000000000)","(0.200000000,0.000000000)",100.0,82.0978815342655,-17.902118465734503,50.0
"(0.200000000,0.000000000)","(0.100000000,0.000000000)",100.0,80.75813479037062,-19.24186520962938,50.0
"(0.100000000,0.000000000)","(0.000000000,0.000000000)",100.0,58.301002562602484,-41.698997437397516,50.0
"(0.000000000,0.000000000)","(0.000000000,0.100000000)",100.0,93.3552246702432,-6.644775329756797,50.0
"(0.000000000,0.100000000)","(0.000000000,0.200000000)",100.0,116.59605936839482,16.59605936839482,50.0
"(0.000000000,0.200000000)","(0.000000000,0.100000000)",100.0,115.86542463270773,15.865424632707729,50.0
"(0.000000000,0.100000000)","(0.000000000,0.000000000)",100.0,95.52221268670617,-4.477787313293831,50.0
"(0.000000000,0.000000000)","(0.070711000,0.070711000)",100.00045520896391,77.92881451802974,-22.071640690934174,50.0
"(0.070711000,0.070711000)","(0.141421000,0.141421000)",99.99904099540154,74.20293261949502,-25.796108375906527,50.0
"(0.141421000,0.141421000)","(0.070711000,0.070711000)",99.99904099540154,72.5462808397417,-27.452760155659846,50.0
"(0.070711000,0.070711000)","(0.000000000,0.000000000)",100.00045520896391,78.0892321237845,-21.911223085179415,50.0
"(0.000000000,0.000000000)","(-0.070711000,0.070711000)",100.00045520896391,85.4909883380022,-14.509466870961717,50.0
"(-0.070711000,0.070711000)","(0.000000000,0.141421000)",99.99974810468274,71.26550976604129,-28.734238338641447,50.0
"(0.000000000,0.141421000)","(0.070711000,0.070711000)",99.99974810468274,79.52911280517446,-20.470635299508274,50.0
"(0.070711000,0.070711000)","(0.000000000,0.000000000)",100.00045520896391,77.36158538170474,-22.63886982725917,50.0
"(0.000000000,0.000000000)","(0.100000000,0.000000000)",100.0,58.34017556547599,-41.65982443452401,50.0
"(0.100000000,0.000000000)","(0.029289000,0.070711000)",100.00045520896391,86.43633793425607,-13.56411727470784,50.0
"(0.029289000,0.070711000)","(0.100000000,0.141421000)",99.99974810468275,69.79774539867502,-30.202002706007733,50.0
"(0.100000000,0.141421000)","(0.170711000,0.070711000)",99.99974810468274,88.59822739429089,-11.40152071039185,50.0
"(0.170711000,0.070711000)","(0.100000000,0.000000000)",100.00045520896391,87.67655928412165,-12.323895924842262,50.0
"(0.100000000,0.000000000)","(0.000000000,0.000000000)",100.0,57.132130049233346,-42.867869950766654,50.0
"(0.000000000,0.000000000)","(-0.070711000,-0.070711000)",100.00045520896391,79.92834794935841,-20.072107259605502,50.0
"(-0.070711000,-0.070711000)","(0.029289000,-0.070711000)",99.99999999999999,62.810779274599945,-37.18922072540004,50.0
"(0.029289000,-0.070711000)","(0.129289000,-0.070711000)",99.99999999999999,59.82398842037378,-40.176011579626206,50.0
"(0.129289000,-0.070711000)","(0.058579000,0.000000000)",99.99974810468274,84.52585527350034,-15.473892831182397,50.0
"(0.058579000,0.000000000)","(0.000000000,0.000000000)",58.579,35.708393406487374,-22.870606593512626,50.0
"(0.000000000,0.000000000)","(0.100000000,0.000000000)",100.0,59.68310843094015,-40.31689156905985,50.0
"(0.100000000,0.000000000)","(0.200000000,0.000000000)",100.0,78.64250185367507,-21.35749814632493,50.0
"(0.200000000,0.000000000)","(0.100000000,0.000000000)",100.0,77.75121882422292,-22.248781175777083,50.0
"(0.100000000,0.000000000)","(0.000000000,0.000000000)",100.0,60.43844483406638,-39.56155516593362,50.0
"(0.000000000,0.000000000)","(0.000000000,0.100000000)",100.0,95.45335439387314,-4.546645606126859,50.0
"(0.000000000,0.100000000)","(0.000000000,0.200000000)",100.0,115.39694573212302,15.396945732123015,50.0
"(0.000000000,0.200000000)","(0.000000000,0.100000000)",100.0,115.62922029249444,15.629220292494438,50.0
"(0.000000000,0.100000000)","(0.000000000,0.000000000)",100.0,94.56126897347791,-5.438731026522092,50.0
"(0.000000000,0.000000000)","(0.070711000,0.070711000)",100.00045520896391,77.4956539237541,-22.50480128520981,50.0
"(0.070711000,0.070711000)","(0.141421000,0.141421000)",99.99904099540154,74.76386198479099,-25.23517901061055,50.0
"(0.141421000,0.141421000)","(0.070711000,0.070711000)",99.99904099540154,76.76318856432769,-23.23585243107385,50.0
"(0.070711000,0.070711000)","(0.000000000,0.000000000)",100.00045520896391,76.93688804270843,-23.06356716625548,50.0
"(0.000000000,0.000000000)","(-0.070711000,0.070711000)",100.00045520896391,86.45363264885488,-13.546822560109035,50.0
"(-0.070711000,0.070711000)","(0.000000000,0.141421000)",99.99974810468274,74.63071178660361,-25.369036318079125,50.0
"(0.000000000,0.141421000)","(0.070711000,0.070711000)",99.99974810468274,79.8187991361122,-20.180948968570533,50.0
"(0.070711000,0.070711000)","(0.000000000,0.000000000)",100.00045520896391,77.86129432441706,-22.139160884546854,50.0
"(0.000000000,0.000000000)","(0.100000000,0.000000000)",100.0,60.87888356490467,-39.12111643509533,50.0
"(0.100000000,0.000000000)","(0.029289000,0.070711000)",100.00045520896391,87.94021741233905,-12.060237796624861,50.0
"(0.029289000,0.070711000)","(0.100000000,0.141421000)",99.99974810468275,68.6578362530942,-31.34191185158855,50.0
"(0.100000000,0.141421000)","(0.170711000,0.070711000)",99.99974810468274,87.97074621693588,-12.029001887746858,50.0
"(0.170711000,0.070711000)","(0.100000000,0.000000000)",100.00045520896391,89.35965015400394,-10.64080505495997,50.0
"(0.100000000,0.000000000)","(0.000000000,0.000000000)",100.0,60.47024502342452,-39.52975497657548,50.0
"(0.000000000,0.000000000)","(-0.070711000,-0.070711000)",100.00045520896391,75.27820633580068,-24.722248873163238,50.0
"(-0.070711000,-0.070711000)","(0.029289000,-0.070711000)",99.99999999999999,56.86069457565123,-43.139305424348755,50.0
"(0.029289000,-0.070711000)","(0.129289000,-0.070711000)",99.99999999999999,60.495255368048234,-39.50474463195175,50.0
"(0.129289000,-0.070711000)","(0.058579000,0.000000000)",99.99974810468274,84.72409747890885,-15.275650625773892,50.0
"(0.058579000,0.000000000)","(0.000000000,0.000000000)",58.579,34.958741210590496,-23.620258789409505,50.0
"(0.000000000,0.000000000)","(0.250000000,0.000000000)",250.0,186.7147878586669,-63.28521214133309,50.0
"(0.250000000,0.000000000)","(0.500000000,0.000000000)",250.0,187.91239963667988,-62.08760036332012,50.0
"(0.500000000,0.000000000)","(0.250000000,0.000000000)",250.0,188.8544971886601,-61.145502811339895,50.0
"(0.250000000,0.000000000)","(0.000000000,0.000000000)",250.0,184.42632859867112,-65.57367140132888,50.0
"(0.000000000,0.000000000)","(0.000000000,0.250000000)",250.0,270.6213598351764,20.621359835176406,50.0
"(0.000000000,0.250000000)","(0.000000000,0.500000000)",250.0,233.75698730079608,-16.243012699203916,50.0
"(0.000000000,0.500000000)","(0.000000000,0.250000000)",250.0,232.45449172545003,-17.545508274549974,50.0
"(0.000000000,0.250000000)","(0.000000000,0.000000000)",250.0,270.9228127872756,20.922812787275575,50.0
"(0.000000000,0.000000000)","(0.176777000,0.176777000)",250.0004309156286,202.2120071934559,-47.78842372217272,50.0
"(0.176777000,0.176777000)","(0.353553000,0.353553000)",249.99901670206629,283.4199803098288,33.42096360776253,50.0
"(0.353553000,0.353553000)","(0.176777000,0.176777000)",249.99901670206629,243.47422537531753,-6.524791326748755,50.0
"(0.176777000,0.176777000)","(0.000000000,0.000000000)",250.0004309156286,201.1966881799013,-48.803742735727326,50.0
"(0.000000000,0.000000000)","(-0.176777000,0.176777000)",250.0004309156286,230.6841276248739,-19.316303290754718,50.0
"(-0.176777000,0.176777000)","(0.000000000,0.353553000)",249.99972380984744,214.66278297569514,-35.3369408341523,50.0
"(0.000000000,0.353553000)","(0.176777000,0.176777000)",249.99972380984744,254.26455760196106,4.26483379211362,50.0
"(0.176777000,0.176777000)","(0.000000000,0.000000000)",250.0004309156286,203.9211151838119,-46.079315731816706,50.0
"(0.000000000,0.000000000)","(0.250000000,0.000000000)",250.0,189.26138410012584,-60.73861589987416,50.0
"(0.250000000,0.000000000)","(0.073223000,0.176777000)",250.0004309156286,244.4461329918376,-5.554297923791012,50.0
"(0.073223000,0.176777000)","(0.250000000,0.353553000)",249.99972380984744,236.4171792024214,-13.58254460742603,50.0
"(0.250000000,0.353553000)","(0.426777000,0.176777000)",249.99972380984744,266.1518018594781,16.15207804963066,50.0
"(0.426777000,0.176777000)","(0.250000000,0.000000000)",250.0004309156286,204.89359582276066,-45.106835092867954,50.0
"(0.250000000,0.000000000)","(0.000000000,0.000000000)",250.0,188.4977719596209,-61.502228040379094,50.0
"(0.000000000,0.000000000)","(-0.176777000,-0.176777000)",250.0004309156286,206.58800524553146,-43.41242567009715,50.0
"(-0.176777000,-0.176777000)","(0.073223000,-0.176777000)",250.0,169.86464826210232,-80.13535173789768,50.0
"(0.073223000,-0.176777000)","(0.323223000,-0.176777000)",250.0,213.40586441962944,-36.59413558037056,50.0
"(0.323223000,-0.176777000)","(0.146447000,0.000000000)",249.9997238098474,254.53337990712427,4.533656097276861,50.0
"(0.146447000,0.000000000)","(0.000000000,0.000000000)",146.447,92.05064619329696,-54.39635380670305,50.0
"(0.000000000,0.000000000)","(0.250000000,0.000000000)",250.0,183.75319941208073,-66.24680058791927,50.0
"(0.250000000,0.000000000)","(0.500000000,0.000000000)",250.0,195.4336263300064,-54.566373669993595,50.0
"(0.500000000,0.000000000)","(0.250000000,0.000000000)",250.0,193.3927377184879,-56.60726228151211,50.0
"(0.250000000,0.000000000)","(0.000000000,0.000000000)",250.0,184.94715130736574,-65.05284869263426,50.0
"(0.000000000,0.000000000)","(0.000000000,0.250000000)",250.0,270.9723976851258,20.972397685125827,50.0
"(0.000000000,0.250000000)","(0.000000000,0.500000000)",250.0,234.9843597079827,-15.01564029201731,50.0
"(0.000000000,0.500000000)","(0.000000000,0.250000000)",250.0,234.04642070342672,-15.953579296573281,50.0
"(0.000000000,0.250000000)","(0.000000000,0.000000000)",250.0,272.2050229628963,22.205022962896294,50.0
"(0.000000000,0.000000000)","(0.176777000,0.176777000)",250.0004309156286,202.70134212835845,-47.299088787270165,50.0
"(0.176777000,0.176777000)","(0.353553000,0.353553000)",249.99901670206629,244.25337575696847,-5.7456409450978185,50.0
"(0.353553000,0.353553000)","(0.176777000,0.176777000)",249.99901670206629,245.27590471228416,-4.723111989782126,50.0
"(0.176777000,0.176777000)","(0.000000000,0.000000000)",250.0004309156286,201.1980694449922,-48.80236147063641,50.0
"(0.000000000,0.000000000)","(-0.176777000,0.176777000)",250.0004309156286,230.13242617111078,-19.868004744517833,50.0
"(-0.176777000,0.176777000)","(0.000000000,0.353553000)",249.99972380984744,217.58486840411803,-32.41485540572941,50.0
"(0.000000000,0.353553000)","(0.176777000,0.176777000)",249.99972380984744,256.78478328285655,6.785059473009113,50.0
"(0.176777000,0.176777000)","(0.000000000,0.000000000)",250.0004309156286,205.86912672030806,-44.13130419532055,50.0
"(0.000000000,0.000000000)","(0.250000000,0.000000000)",250.0,186.67897248131533,-63.32102751868467,50.0
"(0.250000000,0.000000000)","(0.073223000,0.176777000)",250.0004309156286,243.69782919798297,-6.3026017176456435,50.0
"(0.073223000,0.176777000)","(0.250000000,0.353553000)",249.99972380984744,235.4560956655514,-14.543628144296036,50.0
"(0.250000000,0.353553000)","(0.426777000,0.176777000)",249.99972380984744,264.67050537075306,14.670781560905624,50.0
"(0.426777000,0.176777000)","(0.250000000,0.000000000)",250.0004309156286,206.5402201664591,-43.460210749169505,50.0
"(0.250000000,0.000000000)","(0.000000000,0.000000000)",250.0,185.33087202884028,-64.66912797115972,50.0
"(0.000000000,0.000000000)","(-0.176777000,-0.176777000)",250.0004309156286,209.15571474598457,-40.844716169644045,50.0
"(-0.176777000,-0.176777000)","(0.073223000,-0.176777000)",250.0,167.46385253249383,-82.53614746750617,50.0
"(0.073223000,-0.176777000)","(0.323223000,-0.176777000)",250.0,209.18128227520532,-40.81871772479468,50.0
"(0.323223000,-0.176777000)","(0.146447000,0.000000000)",249.9997238098474,250.5413541951924,0.5416303853450017,50.0
"(0.146447000,0.000000000)","(0.000000000,0.000000000)",146.447,98.73110489590323,-47.715895104096774,50.0
"(0.000000000,0.000000000)","(0.001000000,0.000000000)",1.0,3.5249568207885336,2.5249568207885336,25.0
"(0.001000000,0.000000000)","(0.002000000,0.000000000)",1.0,1.6412079345385113,0.6412079345385113,25.0
"(0.002000000,0.000000000)","(0.001000000,0.000000000)",1.0,2.205915784166132,1.205915784166132,25.0
"(0.001000000,0.000000000)","(0.000000000,0.000000000)",1.0,2.317952722623202,1.3179527226232022,25.0
"(0.000000000,0.000000000)","(0.000000000,0.001000000)",1.0,2.9345222732320817,1.9345222732320817,25.0
"(0.000000000,0.001000000)","(0.000000000,0.002000000)",1.0,2.263860563226549,1.2638605632265492,25.0
"(0.000000000,0.002000000)","(0.000000000,0.001000000)",1.0,2.3704249357739235,1.3704249357739235,25.0
"(0.000000000,0.001000000)","(0.000000000,0.000000000)",1.0,1.7793959848270946,0.7793959848270946,25.0
"(0.000000000,0.000000000)","(0.000707000,0.000707000)",0.999848988597778,2.283346236253878,1.2834972476561002,25.0
"(0.000707000,0.000707000)","(0.001414000,0.001414000)",0.999848988597778,1.7927534374696223,0.7929044488718443,25.0
"(0.001414000,0.001414000)","(0.000707000,0.000707000)",0.999848988597778,2.371696705697737,1.3718477170999592,25.0
"(0.000707000,0.000707000)","(0.000000000,0.000000000)",0.999848988597778,2.3784617854900834,1.3786127968923054,25.0
"(0.000000000,0.000000000)","(-0.000707000,0.000707000)",0.999848988597778,1.3612538022078506,0.3614048136100726,25.0
"(-0.000707000,0.000707000)","(0.000000000,0.001414000)",0.999848988597778,2.234624325028652,1.2347753364308742,25.0
"(0.000000000,0.001414000)","(0.000707000,0.000707000)",0.999848988597778,2.341032337042317,1.341183348444539,25.0
"(0.000707000,0.000707000)","(0.000000000,0.000000000)",0.999848988597778,1.8050366839911558,0.8051876953933778,25.0
"(0.000000000,0.000000000)","(0.001000000,0.000000000)",1.0,1.8298707176993156,0.8298707176993156,25.0
"(0.001000000,0.000000000)","(0.000293000,0.000707000)",0.999848988597778,1.688010945064815,0.688161956467037,25.0
"(0.000293000,0.000707000)","(0.001000000,0.001414000)",0.999848988597778,1.9799185803655395,0.9800695917677614,25.0
"(0.001000000,0.001414000)","(0.001707000,0.000707000)",0.999848988597778,1.9703746701037521,0.9705256815059741,25.0
"(0.001707000,0.000707000)","(0.001000000,0.000000000)",0.999848988597778,1.750700094391863,0.7508511057940849,25.0
"(0.001000000,0.000000000)","(0.000000000,0.000000000)",1.0,0.7198067556870278,-0.2801932443129722,25.0
"(0.000000000,0.000000000)","(-0.000707000,-0.000707000)",0.999848988597778,1.2320208133907744,0.23217182479299636,25.0
"(-0.000707000,-0.000707000)","(0.000293000,-0.000707000)",1.0,1.7236438812683539,0.7236438812683539,25.0
"(0.000293000,-0.000707000)","(0.001293000,-0.000707000)",1.0,1.4824751747988436,0.4824751747988436,25.0
"(0.001293000,-0.000707000)","(0.000586000,0.000000000)",0.999848988597778,1.9722194578340329,0.9723704692362548,25.0
"(0.000586000,0.000000000)","(0.000000000,0.000000000)",0.5860000000000001,2.0687741109018902,1.4827741109018902,25.0
"(0.000000000,0.000000000)","(0.001000000,0.000000000)",1.0,2.4612107151018736,1.4612107151018736,25.0
"(0.001000000,0.000000000)","(0.002000000,0.000000000)",1.0,2.5078837329666905,1.5078837329666905,25.0
"(0.002000000,0.000000000)","(0.001000000,0.000000000)",1.0,1.700697303325643,0.700697303325643,25.0
"(0.001000000,0.000000000)","(0.000000000,0.000000000)",1.0,4.185223508223179,3.185223508223179,25.0
"(0.000000000,0.000000000)","(0.000000000,0.001000000)",1.0,2.58803416339915,1.5880341633991502,25.0
"(0.000000000,0.001000000)","(0.000000000,0.002000000)",1.0,2.560711488396037,1.560711488396037,25.0
"(0.000000000,0.002000000)","(0.000000000,0.001000000)",1.0,2.9157622730232617,1.9157622730232617,25.0
"(0.000000000,0.001000000)","(0.000000000,0.000000000)",1.0,2.487099682662077,1.4870996826620768,25.0
"(0.000000000,0.000000000)","(0.000707000,0.000707000)",0.999848988597778,2.034110626287381,1.0342616376896032,25.0
"(0.000707000,0.000707000)","(0.001414000,0.001414000)",0.999848988597778,1.390714203744152,0.39086521514637396,25.0
"(0.001414000,0.001414000)","(0.000707000,0.000707000)",0.999848988597778,2.142429254419523,1.1425802658217452,25.0
"(0.000707000,0.000707000)","(0.000000000,0.000000000)",0.999848988597778,2.0845436250559097,1.0846946364581318,25.0
"(0.000000000,0.000000000)","(-0.000707000,0.000707000)",0.999848988597778,2.2384583423940354,1.2386093537962575,25.0
"(-0.000707000,0.000707000)","(0.000000000,0.001414000)",0.999848988597778,1.9450990951291613,0.9452501065313833,25.0
"(0.000000000,0.001414000)","(0.000707000,0.000707000)",0.999848988597778,1.8451395849040664,0.8452905963062883,25.0
"(0.000707000,0.000707000)","(0.000000000,0.000000000)",0.999848988597778,2.306720059406151,1.306871070808373,25.0
"(0.000000000,0.000000000)","(0.001000000,0.000000000)",1.0,1.4196187265207099,0.41961872652070986,25.0
"(0.001000000,0.000000000)","(0.000293000,0.000707000)",0.999848988597778,1.6833547271475384,0.6835057385497604,25.0
"(0.000293000,0.000707000)","(0.001000000,0.001414000)",0.999848988597778,2.0438132812264342,1.0439642926286563,25.0
"(0.001000000,0.001414000)","(0.001707000,0.000707000)",0.999848988597778,3.743034724769925,2.7431857361721472,25.0
"(0.001707000,0.000707000)","(0.001000000,0.000000000)",0.999848988597778,2.499134741667094,1.4992857530693162,25.0
"(0.001000000,0.000000000)","(0.000000000,0.000000000)",1.0,1.0278453379926904,0.0278453379926904,25.0
"(0.000000000,0.000000000)","(-0.000707000,-0.000707000)",0.999848988597778,2.0498028304088365,1.0499538418110586,25.0
"(-0.000707000,-0.000707000)","(0.000293000,-0.000707000)",1.0,1.4385148443867533,0.43851484438675326,25.0
"(0.000293000,-0.000707000)","(0.001293000,-0.000707000)",1.0,4.134385250934712,3.134385250934712,25.0
"(0.001293000,-0.000707000)","(0.000586000,0.000000000)",0.999848988597778,3.7674816260797734,2.7676326374819955,25.0
"(0.000586000,0.000000000)","(0.000000000,0.000000000)",0.5860000000000001,1.7473269934187452,1.1613269934187451,25.0
"(0.000000000,0.000000000)","(0.010000000,0.000000000)",10.0,3.5601717312918524,-6.439828268708148,25.0
"(0.010000000,0.000000000)","(0.020000000,0.000000000)",10.0,4.775942795686607,-5.224057204313393,25.0
"(0.020000000,0.000000000)","(0.010000000,0.000000000)",10.0,2.064004427960539,-7.935995572039461,25.0
"(0.010000000,0.000000000)","(0.000000000,0.000000000)",10.0,6.9544926217224,-3.0455073782776,25.0
"(0.000000000,0.000000000)","(0.000000000,0.010000000)",10.0,11.443374345760823,1.443374345760823,25.0
"(0.000000000,0.010000000)","(0.000000000,0.020000000)",10.0,11.152018000849289,1.1520180008492886,25.0
"(0.000000000,0.020000000)","(0.000000000,0.010000000)",10.0,11.37162354443002,1.3716235444300207,25.0
"(0.000000000,0.010000000)","(0.000000000,0.000000000)",10.0,11.702167581418303,1.702167581418303,25.0
"(0.000000000,0.000000000)","(0.007071000,0.007071000)",9.999904099540155,8.523164040612707,-1.4767400589274473,25.0
"(0.007071000,0.007071000)","(0.014142000,0.014142000)",9.999904099540155,8.759946582841398,-1.239957516698757,25.0
"(0.014142000,0.014142000)","(0.007071000,0.007071000)",9.999904099540155,8.984606693462801,-1.0152974060773534,25.0
"(0.007071000,0.007071000)","(0.000000000,0.000000000)",9.999904099540155,8.572030362914738,-1.4278737366254166,25.0
"(0.000000000,0.000000000)","(-0.007071000,0.007071000)",9.999904099540155,9.945959487298218,-0.053944612241936696,25.0
"(-0.007071000,0.007071000)","(0.000000000,0.014142000)",9.999904099540155,7.18692223207513,-2.812981867465025,25.0
"(0.000000000,0.014142000)","(0.007071000,0.007071000)",9.999904099540155,9.143010188985519,-0.8568939105546356,25.0
"(0.007071000,0.007071000)","(0.000000000,0.000000000)",9.999904099540155,8.552542236269597,-1.447361863270558,25.0
"(0.000000000,0.000000000)","(0.010000000,0.000000000)",10.0,3.7063578600574107,-6.293642139942589,25.0
"(0.010000000,0.000000000)","(0.002929000,0.007071000)",9.999904099540155,9.520697383130663,-0.4792067164094913,25.0
"(0.002929000,0.007071000)","(0.010000000,0.014142000)",9.999904099540155,8.565187458377276,-1.4347166411628791,25.0
"(0.010000000,0.014142000)","(0.017071000,0.007071000)",9.999904099540155,10.600561110441497,0.600657010901342,25.0
"(0.017071000,0.007071000)","(0.010000000,0.000000000)",9.999904099540155,7.974212884290962,-2.025691215249193,25.0
"(0.010000000,0.000000000)","(0.000000000,0.000000000)",10.0,10.153015023079494,0.15301502307949377,25.0
"(0.000000000,0.000000000)","(-0.007071000,-0.007071000)",9.999904099540155,8.922343524230435,-1.07756057530972,25.0
"(-0.007071000,-0.007071000)","(0.002929000,-0.007071000)",10.0,4.611613456778084,-5.388386543221916,25.0
"(0.002929000,-0.007071000)","(0.012929000,-0.007071000)",9.999999999999998,6.786292983052756,-3.213707016947242,25.0
"(0.012929000,-0.007071000)","(0.005858000,0.000000000)",9.999904099540155,9.428485620733946,-0.5714184788062084,25.0
"(0.005858000,0.000000000)","(0.000000000,0.000000000)",5.8580000000000005,3.6475972212829118,-2.210402778717089,25.0
"(0.000000000,0.000000000)","(0.010000000,0.000000000)",10.0,5.6498848927988075,-4.3501151072011925,25.0
"(0.010000000,0.000000000)","(0.020000000,0.000000000)",10.0,4.794601085579916,-5.205398914420084,25.0
"(0.020000000,0.000000000)","(0.010000000,0.000000000)",10.0,3.920541292615679,-6.079458707384321,25.0
"(0.010000000,0.000000000)","(0.000000000,0.000000000)",10.0,6.673722176603433,-3.326277823396567,25.0
"(0.000000000,0.000000000)","(0.000000000,0.010000000)",10.0,11.159099059950272,1.1590990599502717,25.0
"(0.000000000,0.010000000)","(0.000000000,0.020000000)",10.0,11.484236514019322,1.4842365140193223,25.0
"(0.000000000,0.020000000)","(0.000000000,0.010000000)",10.0,10.488541443184662,0.48854144318466197,25.0
"(0.000000000,0.010000000)","(0.000000000,0.000000000)",10.0,12.263115878146733,2.263115878146733,25.0
"(0.000000000,0.000000000)","(0.007071000,0.007071000)",9.999904099540155,8.642713059700073,-1.3571910398400817,25.0
"(0.007071000,0.007071000)","(0.014142000,0.014142000)",9.999904099540155,8.92842089769339,-1.071483201846764,25.0
"(0.014142000,0.014142000)","(0.007071000,0.007071000)",9.999904099540155,9.213888868684556,-0.7860152308555985,25.0
"(0.007071000,0.007071000)","(0.000000000,0.000000000)",9.999904099540155,7.871785326981684,-2.1281187725584703,25.0
"(0.000000000,0.000000000)","(-0.007071000,0.007071000)",9.999904099540155,8.852074483506387,-1.1478296160337678,25.0
"(-0.007071000,0.007071000)","(0.000000000,0.014142000)",9.999904099540155,8.66915964822959,-1.330744451310565,25.0
"(0.000000000,0.014142000)","(0.007071000,0.007071000)",9.999904099540155,8.11002496439192,-1.8898791351482345,25.0
"(0.007071000,0.007071000)","(0.000000000,0.000000000)",9.999904099540155,8.474170194471814,-1.525733905068341,25.0
"(0.000000000,0.000000000)","(0.010000000,0.000000000)",10.0,3.7664873498227487,-6.233512650177252,25.0
"(0.010000000,0.000000000)","(0.002929000,0.007071000)",9.999904099540155,9.162089398056478,-0.8378147014836763,25.0
"(0.002929000,0.007071000)","(0.010000000,0.014142000)",9.999904099540155,8.704399090153656,-1.295505009386499,25.0
"(0.010000000,0.014142000)","(0.017071000,0.007071000)",9.999904099540155,8.31403727726573,-1.6858668222744253,25.0
"(0.017071000,0.007071000)","(0.010000000,0.000000000)",9.999904099540155,8.522612592165313,-1.4772915073748418,25.0
"(0.010000000,0.000000000)","(0.000000000,0.000000000)",10.0,4.313100198948392,-5.686899801051608,25.0
"(0.000000000,0.000000000)","(-0.007071000,-0.007071000)",9.999904099540155,9.188452956817487,-0.8114511427226674,25.0
"(-0.007071000,-0.007071000)","(0.002929000,-0.007071000)",10.0,6.039352934945364,-3.960647065054636,25.0
"(0.002929000,-0.007071000)","(0.012929000,-0.007071000)",9.999999999999998,2.970526689431587,-7.029473310568411,25.0
"(0.012929000,-0.007071000)","(0.005858000,0.000000000)",9.999904099540155,8.505048077916554,-1.494856021623601,25.0
"(0.005858000,0.000000000)","(0.000000000,0.000000000)",5.8580000000000005,5.073641012991443,-0.7843589870085577,25.0
"(0.000000000,0.000000000)","(0.050000000,0.000000000)",50.0,29.21822057903934,-20.78177942096066,25.0
"(0.050000000,0.000000000)","(0.100000000,0.000000000)",50.0,31.79203159706972,-18.20796840293028,25.0
"(0.100000000,0.000000000)","(0.050000000,0.000000000)",50.0,31.442443845487706,-18.557556154512294,25.0
"(0.050000000,0.000000000)","(0.000000000,0.000000000)",50.0,27.93070819013161,-22.06929180986839,25.0
"(0.000000000,0.000000000)","(0.000000000,0.050000000)",50.0,52.99919557250792,2.9991955725079222,25.0
"(0.000000000,0.050000000)","(0.000000000,0.100000000)",50.0,42.36867054358075,-7.631329456419252,25.0
"(0.000000000,0.100000000)","(0.000000000,0.050000000)",50.0,42.43113263950096,-7.568867360499041,25.0
"(0.000000000,0.050000000)","(0.000000000,0.000000000)",50.0,54.34524475017244,4.345244750172441,25.0
"(0.000000000,0.000000000)","(0.035355000,0.035355000)",49.99952049770077,42.53925221300034,-7.460268284700433,25.0
"(0.035355000,0.035355000)","(0.070711000,0.070711000)",50.00093471126315,36.01283120670146,-13.988103504561685,25.0
"(0.070711000,0.070711000)","(0.035355000,0.035355000)",50.00093471126315,37.152655377714545,-12.848279333548604,25.0
"(0.035355000,0.035355000)","(0.000000000,0.000000000)",49.99952049770077,41.25617727365178,-8.743343224048992,25.0
"(0.000000000,0.000000000)","(-0.035355000,0.035355000)",49.99952049770077,47.33758126366535,-2.6619392340354224,25.0
"(-0.035355000,0.035355000)","(0.000000000,0.070711000)",50.00022760948194,36.643262391230905,-13.356965218251034,25.0
"(0.000000000,0.070711000)","(0.035355000,0.035355000)",50.00022760948194,40.65475016939356,-9.34547744008838,25.0
"(0.035355000,0.035355000)","(0.000000000,0.000000000)",49.99952049770077,41.250008926613845,-8.749511571086927,25.0
"(0.000000000,0.000000000)","(0.050000000,0.000000000)",50.0,28.47179373143132,-21.52820626856868,25.0
"(0.050000000,0.000000000)","(0.014645000,0.035355000)",49.99952049770078,46.13792023681768,-3.861600260883101,25.0
"(0.014645000,0.035355000)","(0.050000000,0.070711000)",50.00022760948194,36.85343842883335,-13.14678918064859,25.0
"(0.050000000,0.070711000)","(0.085355000,0.035355000)",50.00022760948194,42.57473403574468,-7.425493573737256,25.0
"(0.085355000,0.035355000)","(0.050000000,0.000000000)",49.99952049770077,41.836632152437886,-8.162888345262886,25.0
"(0.050000000,0.000000000)","(0.000000000,0.000000000)",50.0,29.774346418847117,-20.225653581152883,25.0
"(0.000000000,0.000000000)","(-0.035355000,-0.035355000)",49.99952049770077,40.97760871333373,-9.021911784367042,25.0
"(-0.035355000,-0.035355000)","(0.014645000,-0.035355000)",49.99999999999999,29.368282976675825,-20.631717023324168,25.0
"(0.014645000,-0.035355000)","(0.064645000,-0.035355000)",49.99999999999999,29.36389199903688,-20.636108000963112,25.0
"(0.064645000,-0.035355000)","(0.029289000,0.000000000)",50.00022760948194,47.40112645686513,-2.599101152616811,25.0
"(0.029289000,0.000000000)","(0.000000000,0.000000000)",29.288999999999998,15.81156376418193,-13.477436235818068,25.0
"(0.000000000,0.000000000)","(0.050000000,0.000000000)",50.0,30.232379460065097,-19.767620539934903,25.0
"(0.050000000,0.000000000)","(0.100000000,0.000000000)",50.0,30.105551671850964,-19.894448328149036,25.0
"(0.100000000,0.000000000)","(0.050000000,0.000000000)",50.0,31.460515886947803,-18.539484113052197,25.0
"(0.050000000,0.000000000)","(0.000000000,0.000000000)",50.0,26.225178384345824,-23.774821615654176,25.0
"(0.000000000,0.000000000)","(0.000000000,0.050000000)",50.0,53.45079800988006,3.45079800988006,25.0
"(0.000000000,0.050000000)","(0.000000000,0.100000000)",50.0,42.44220473959383,-7.5577952604061664,25.0
"(0.000000000,0.100000000)","(0.000000000,0.050000000)",50.0,41.70147842321637,-8.298521576783628,25.0
"(0.000000000,0.050000000)","(0.000000000,0.000000000)",50.0,54.71567703508849,4.71567703508849,25.0
"(0.000000000,0.000000000)","(0.035355000,0.035355000)",49.99952049770077,41.04406103200698,-8.955459465693792,25.0
"(0.035355000,0.035355000)","(0.070711000,0.070711000)",50.00093471126315,37.529796755231885,-12.471137956031264,25.0
"(0.070711000,0.070711000)","(0.035355000,0.035355000)",50.00093471126315,38.222488324794256,-11.778446386468893,25.0
"(0.035355000,0.035355000)","(0.000000000,0.000000000)",49.99952049770077,41.08539347714135,-8.91412702055942,25.0
"(0.000000000,0.000000000)","(-0.035355000,0.035355000)",49.99952049770077,48.594623121202304,-1.404897376498468,25.0
"(-0.035355000,0.035355000)","(0.000000000,0.070711000)",50.00022760948194,36.14025264356745,-13.859974965914489,25.0
"(0.000000000,0.070711000)","(0.035355000,0.035355000)",50.00022760948194,42.52581656232953,-7.474411047152408,25.0
"(0.035355000,0.035355000)","(0.000000000,0.000000000)",49.99952049770077,40.15065387286483,-9.848866624835942,25.0
"(0.000000000,0.000000000)","(0.050000000,0.000000000)",50.0,26.68109261150528,-23.31890738849472,25.0
"(0.050000000,0.000000000)","(0.014645000,0.035355000)",49.99952049770078,46.90393703990971,-3.095583457791072,25.0
"(0.014645000,0.035355000)","(0.050000000,0.070711000)",50.00022760948194,35.84800348198301,-14.152224127498933,25.0
"(0.050000000,0.070711000)","(0.085355000,0.035355000)",50.00022760948194,43.78503960902586,-6.215188000456081,25.0
"(0.085355000,0.035355000)","(0.050000000,0.000000000)",49.99952049770077,42.536139129041004,-7.463381368659768,25.0
"(0.050000000,0.000000000)","(0.000000000,0.000000000)",50.0,26.642618836756558,-23.357381163243442,25.0
"(0.000000000,0.000000000)","(-0.035355000,-0.035355000)",49.99952049770077,42.192355667283,-7.8071648304177685,25.0
"(-0.035355000,-0.035355000)","(0.014645000,-0.035355000)",49.99999999999999,31.19268918466821,-18.807310815331782,25.0
"(0.014645000,-0.035355000)","(0.064645000,-0.035355000)",49.99999999999999,29.541219947602574,-20.45878005239742,25.0
"(0.064645000,-0.035355000)","(0.029289000,0.000000000)",50.00022760948194,47.60823801415898,-2.3919895953229613,25.0
"(0.029289000,0.000000000)","(0.000000000,0.000000000)",29.288999999999998,14.419479547597525,-14.869520452402472,25.0
"(0.000000000,0.000000000)","(0.100000000,0.000000000)",100.0,60.89855464507874,-39.10144535492126,25.0
"(0.100000000,0.000000000)","(0.200000000,0.000000000)",100.0,80.42093014351173,-19.579069856488275,25.0
"(0.200000000,0.000000000)","(0.100000000,0.000000000)",100.0,80.57632745516328,-19.42367254483672,25.0
"(0.100000000,0.000000000)","(0.000000000,0.000000000)",100.0,60.42433296218711,-39.57566703781289,25.0
"(0.000000000,0.000000000)","(0.000000000,0.100000000)",100.0,93.63106978655826,-6.368930213441743,25.0
"(0.000000000,0.100000000)","(0.000000000,0.200000000)",100.0,116.53089511871632,16.530895118716316,25.0
"(0.000000000,0.200000000)","(0.000000000,0.100000000)",100.0,116.34462955202156,16.34462955202156,25.0
"(0.000000000,0.100000000)","(0.000000000,0.000000000)",100.0,95.10989732927383,-4.890102670726165,25.0
"(0.000000000,0.000000000)","(0.070711000,0.070711000)",100.00045520896391,77.9300981866467,-22.07035702231721,25.0
"(0.070711000,0.070711000)","(0.141421000,0.141421000)",99.99904099540154,71.79794377997749,-28.201097215424056,25.0
"(0.141421000,0.141421000)","(0.070711000,0.070711000)",99.99904099540154,73.11565257998336,-26.88338841541818,25.0
"(0.070711000,0.070711000)","(0.000000000,0.000000000)",100.00045520896391,76.08157439902288,-23.91888080994103,25.0
"(0.000000000,0.000000000)","(-0.070711000,0.070711000)",100.00045520896391,85.75804205001978,-14.242413158944132,25.0
"(-0.070711000,0.070711000)","(0.000000000,0.141421000)",99.99974810468274,72.44093373480324,-27.5588143698795,25.0
"(0.000000000,0.141421000)","(0.070711000,0.070711000)",99.99974810468274,79.47826784427677,-20.521480260405966,25.0
"(0.070711000,0.070711000)","(0.000000000,0.000000000)",100.00045520896391,78.62097362877029,-21.379481580193627,25.0
"(0.000000000,0.000000000)","(0.100000000,0.000000000)",100.0,59.11654438738966,-40.88345561261034,25.0
"(0.100000000,0.000000000)","(0.029289000,0.070711000)",100.00045520896391,87.55802332151578,-12.442431887448137,25.0
"(0.029289000,0.070711000)","(0.100000000,0.141421000)",99.99974810468275,70.15500000294857,-29.844748101734183,25.0
"(0.100000000,0.141421000)","(0.170711000,0.070711000)",99.99974810468274,86.79970521507958,-13.200042889603154,25.0
"(0.170711000,0.070711000)","(0.100000000,0.000000000)",100.00045520896391,87.1439141130781,-12.856541095885817,25.0
"(0.100000000,0.000000000)","(0.000000000,0.000000000)",100.0,62.10332240346764,-37.89667759653236,25.0
"(0.000000000,0.000000000)","(-0.070711000,-0.070711000)",100.00045520896391,76.06892004279285,-23.93153516617106,25.0
"(-0.070711000,-0.070711000)","(0.029289000,-0.070711000)",99.99999999999999,58.3285066146441,-41.67149338535589,25.0
"(0.029289000,-0.070711000)","(0.129289000,-0.070711000)",99.99999999999999,61.85058601109001,-38.14941398890998,25.0
"(0.129289000,-0.070711000)","(0.058579000,0.000000000)",99.99974810468274,87.14581731927984,-12.853930785402895,25.0
"(0.058579000,0.000000000)","(0.000000000,0.000000000)",58.579,31.041218850137554,-27.537781149862447,25.0
"(0.000000000,0.000000000)","(0.100000000,0.000000000)",100.0,57.277100117727095,-42.722899882272905,25.0
"(0.100000000,0.000000000)","(0.200000000,0.000000000)",100.0,82.88028480246962,-17.119715197530383,25.0
"(0.200000000,0.000000000)","(0.100000000,0.000000000)",100.0,82.39183058633895,-17.608169413661045,25.0
"(0.100000000,0.000000000)","(0.000000000,0.000000000)",100.0,58.45859304764307,-41.54140695235693,25.0
"(0.000000000,0.000000000)","(0.000000000,0.100000000)",100.0,94.79720082558003,-5.202799174419965,25.0
"(0.000000000,0.100000000)","(0.000000000,0.200000000)",100.0,116.39337590738539,16.39337590738539,25.0
"(0.000000000,0.200000000)","(0.000000000,0.100000000)",100.0,117.3011880471982,17.301188047198195,25.0
"(0.000000000,0.100000000)","(0.000000000,0.000000000)",100.0,95.31226549066083,-4.687734509339165,25.0
"(0.000000000,0.000000000)","(0.070711000,0.070711000)",100.00045520896391,77.2412346641586,-22.759220544805316,25.0
"(0.070711000,0.070711000)","(0.141421000,0.141421000)",99.99904099540154,75.9321248968994,-24.066916098502148,25.0
"(0.141421000,0.141421000)","(0.070711000,0.070711000)",99.99904099540154,74.8703725154134,-25.12866847998815,25.0
"(0.070711000,0.070711000)","(0.000000000,0.000000000)",100.00045520896391,77.8351827737134,-22.165272435250515,25.0
"(0.000000000,0.000000000)","(-0.070711000,0.070711000)",100.00045520896391,87.40849516535233,-12.591960043611579,25.0
"(-0.070711000,0.070711000)","(0.000000000,0.141421000)",99.99974810468274,74.19785526894961,-25.801892835733128,25.0
"(0.000000000,0.141421000)","(0.070711000,0.070711000)",99.99974810468274,79.97664195694792,-20.023106147734822,25.0
"(0.070711000,0.070711000)","(0.000000000,0.000000000)",100.00045520896391,76.0337109406798,-23.966744268284117,25.0
"(0.000000000,0.000000000)","(0.100000000,0.000000000)",100.0,58.21083240940248,-41.78916759059752,25.0
"(0.100000000,0.000000000)","(0.029289000,0.070711000)",100.00045520896391,90.53682585737641,-9.4636293515875,25.0
"(0.029289000,0.070711000)","(0.100000000,0.141421000)",99.99974810468275,70.45119962837721,-29.54854847630554,25.0
"(0.100000000,0.141421000)","(0.170711000,0.070711000)",99.99974810468274,87.74211982959221,-12.257628275090525,25.0
"(0.170711000,0.070711000)","(0.100000000,0.000000000)",100.00045520896391,87.04644001530461,-12.954015193659302,25.0
"(0.100000000,0.000000000)","(0.000000000,0.000000000)",100.0,59.859017002820615,-40.140982997179385,25.0
"(0.000000000,0.000000000)","(-0.070711000,-0.070711000)",100.00045520896391,75.96367462035884,-24.03678058860507,25.0
"(-0.070711000,-0.070711000)","(0.029289000,-0.070711000)",99.99999999999999,58.51933109110574,-41.480668908894245,25.0
"(0.029289000,-0.070711000)","(0.129289000,-0.070711000)",99.99999999999999,59.42247376013235,-40.57752623986764,25.0
"(0.129289000,-0.070711000)","(0.058579000,0.000000000)",99.99974810468274,86.6893048762639,-13.310443228418833,25.0
"(0.058579000,0.000000000)","(0.000000000,0.000000000)",58.579,35.534948855430336,-23.044051144569664,25.0
"(0.000000000,0.000000000)","(0.250000000,0.000000000)",250.0,189.14028806018206,-60.85971193981794,25.0
"(0.250000000,0.000000000)","(0.500000000,0.000000000)",250.0,190.24340188417744,-59.756598115822555,25.0
"(0.500000000,0.000000000)","(0.250000000,0.000000000)",250.0,188.1069409803394,-61.8930590196606,25.0
"(0.250000000,0.000000000)","(0.000000000,0.000000000)",250.0,189.03143593313533,-60.96856406686467,25.0
"(0.000000000,0.000000000)","(0.000000000,0.250000000)",250.0,271.8943675767857,21.894367576785726,25.0
"(0.000000000,0.250000000)","(0.000000000,0.500000000)",250.0,232.20484451026445,-17.79515548973555,25.0
"(0.000000000,0.500000000)","(0.000000000,0.250000000)",250.0,233.09632366600943,-16.903676333990575,25.0
"(0.000000000,0.250000000)","(0.000000000,0.000000000)",250.0,272.76526643824184,22.765266438241838,25.0
"(0.000000000,0.000000000)","(0.176777000,0.176777000)",250.0004309156286,202.74158708910016,-47.25884382652845,25.0
"(0.176777000,0.176777000)","(0.353553000,0.353553000)",249.99901670206629,296.57101885675075,46.57200215468447,25.0
"(0.353553000,0.353553000)","(0.176777000,0.176777000)",249.99901670206629,241.11081112958377,-8.88820557248252,25.0
"(0.176777000,0.176777000)","(0.000000000,0.000000000)",250.0004309156286,203.9829490486045,-46.01748186702412,25.0
"(0.000000000,0.000000000)","(-0.176777000,0.176777000)",250.0004309156286,227.48129889420906,-22.51913202141955,25.0
"(-0.176777000,0.176777000)","(0.000000000,0.353553000)",249.99972380984744,218.73870162249673,-31.261022187350704,25.0
"(0.000000000,0.353553000)","(0.176777000,0.176777000)",249.99972380984744,253.47356599397983,3.473842184132394,25.0
"(0.176777000,0.176777000)","(0.000000000,0.000000000)",250.0004309156286,203.9863963501064,-46.01403456552222,25.0
"(0.000000000,0.000000000)","(0.250000000,0.000000000)",250.0,184.84255531217067,-65.15744468782933,25.0
"(0.250000000,0.000000000)","(0.073223000,0.176777000)",250.0004309156286,240.80829814292915,-9.192132772699466,25.0
"(0.073223000,0.176777000)","(0.250000000,0.353553000)",249.99972380984744,234.4572719497615,-15.542451860085947,25.0
"(0.250000000,0.353553000)","(0.426777000,0.176777000)",249.99972380984744,265.9001187786423,15.90039496879487,25.0
"(0.426777000,0.176777000)","(0.250000000,0.000000000)",250.0004309156286,201.7913770927176,-48.20905382291102,25.0
"(0.250000000,0.000000000)","(0.000000000,0.000000000)",250.0,192.99002411590195,-57.009975884098054,25.0
"(0.000000000,0.000000000)","(-0.176777000,-0.176777000)",250.0004309156286,206.32440044953856,-43.676030466090054,25.0
"(-0.176777000,-0.176777000)","(0.073223000,-0.176777000)",250.0,167.3112313276627,-82.68876867233729,25.0
"(0.073223000,-0.176777000)","(0.323223000,-0.176777000)",250.0,213.85686596151064,-36.143134038489364,25.0
"(0.323223000,-0.176777000)","(0.146447000,0.000000000)",249.9997238098474,254.18033222762975,4.180608417782338,25.0
"(0.146447000,0.000000000)","(0.000000000,0.000000000)",146.447,98.10203026046264,-48.34496973953736,25.0
"(0.000000000,0.000000000)","(0.250000000,0.000000000)",250.0,189.6122745829992,-60.38772541700081,25.0
"(0.250000000,0.000000000)","(0.500000000,0.000000000)",250.0,193.68323266282,-56.31676733718001,25.0
"(0.500000000,0.000000000)","(0.250000000,0.000000000)",250.0,191.90696894282175,-58.09303105717825,25.0
"(0.250000000,0.000000000)","(0.000000000,0.000000000)",250.0,185.69687785413112,-64.30312214586888,25.0
"(0.000000000,0.000000000)","(0.000000000,0.250000000)",250.0,272.3679707986955,22.367970798695524,25.0
"(0.000000000,0.250000000)","(0.000000000,0.500000000)",250.0,233.601501415643,-16.398498584356986,25.0
"(0.000000000,0.500000000)","(0.000000000,0.250000000)",250.0,293.48229604998676,43.48229604998676,25.0
"(0.000000000,0.250000000)","(0.000000000,0.000000000)",250.0,271.71153277873987,21.711532778739866,25.0
"(0.000000000,0.000000000)","(0.176777000,0.176777000)",250.0004309156286,202.6775509638827,-47.322879951745904,25.0
"(0.176777000,0.176777000)","(0.353553000,0.353553000)",249.99901670206629,240.11549333767596,-9.883523364390328,25.0
"(0.353553000,0.353553000)","(0.176777000,0.176777000)",249.99901670206629,293.58629823926884,43.58728153720256,25.0
"(0.176777000,0.176777000)","(0.000000000,0.000000000)",250.0004309156286,204.15822180649707,-45.842209109131545,25.0
"(0.000000000,0.000000000)","(-0.176777000,0.176777000)",250.0004309156286,227.7041582361154,-22.29627267951321,25.0
"(-0.176777000,0.176777000)","(0.000000000,0.353553000)",249.99972380984744,217.4651882361926,-32.534535573654836,25.0
"(0.000000000,0.353553000)","(0.176777000,0.176777000)",249.99972380984744,254.22414947223595,4.224425662388512,25.0
"(0.176777000,0.176777000)","(0.000000000,0.000000000)",250.0004309156286,203.8234901668419,-46.176940748786706,25.0
"(0.000000000,0.000000000)","(0.250000000,0.000000000)",250.0,182.30987468641865,-67.69012531358135,25.0
"(0.250000000,0.000000000)","(0.073223000,0.176777000)",250.0004309156286,242.13461753904124,-7.865813376587369,25.0
"(0.073223000,0.176777000)","(0.250000000,0.353553000)",249.99972380984744,235.66343232709954,-14.336291482747896,25.0
"(0.250000000,0.353553000)","(0.426777000,0.176777000)",249.99972380984744,266.3833570152288,16.383633205381358,25.0
"(0.426777000,0.176777000)","(0.250000000,0.000000000)",250.0004309156286,209.3686542117131,-40.631776703915506,25.0
"(0.250000000,0.000000000)","(0.000000000,0.000000000)",250.0,182.01777026854032,-67.98222973145968,25.0
"(0.000000000,0.000000000)","(-0.176777000,-0.176777000)",250.0004309156286,209.56917697707757,-40.43125393855104,25.0
"(-0.176777000,-0.176777000)","(0.073223000,-0.176777000)",250.0,166.6794766108757,-83.3205233891243,25.0
"(0.073223000,-0.176777000)","(0.323223000,-0.176777000)",250.0,214.41303522548793,-35.58696477451207,25.0
"(0.323223000,-0.176777000)","(0.146447000,0.000000000)",249.9997238098474,253.3093764183946,3.3096526085471965,25.0
"(0.146447000,0.000000000)","(0.000000000,0.000000000)",146.447,96.71643893085647,-49.73056106914353,25.0
"(0.000000000,0.000000000)","(0.001000000,0.000000000)",1.0,1.2304714490005841,0.23047144900058414,10.0
"(0.001000000,0.000000000)","(0.002000000,0.000000000)",1.0,1.6268161165957233,0.6268161165957233,10.0
"(0.002000000,0.000000000)","(0.001000000,0.000000000)",1.0,1.9897838516955342,0.9897838516955342,10.0
"(0.001000000,0.000000000)","(0.000000000,0.000000000)",1.0,1.6640453004462268,0.6640453004462268,10.0
"(0.000000000,0.000000000)","(0.000000000,0.001000000)",1.0,1.9366203939038509,0.9366203939038509,10.0
"(0.000000000,0.001000000)","(0.000000000,0.002000000)",1.0,1.511290820318001,0.5112908203180011,10.0
"(0.000000000,0.002000000)","(0.000000000,0.001000000)",1.0,1.7376219320028374,0.7376219320028374,10.0
"(0.000000000,0.001000000)","(0.000000000,0.000000000)",1.0,1.9251039076575103,0.9251039076575103,10.0
"(0.000000000,0.000000000)","(0.000707000,0.000707000)",0.999848988597778,1.8768661388252457,0.8770171502274676,10.0
"(0.000707000,0.000707000)","(0.001414000,0.001414000)",0.999848988597778,1.1202341011197552,0.12038511252197714,10.0
"(0.001414000,0.001414000)","(0.000707000,0.000707000)",0.999848988597778,2.072825096660944,1.0729761080631661,10.0
"(0.000707000,0.000707000)","(0.000000000,0.000000000)",0.999848988597778,1.4966139324734256,0.4967649438756475,10.0
"(0.000000000,0.000000000)","(-0.000707000,0.000707000)",0.999848988597778,2.2907488806805256,1.2908998920827477,10.0
"(-0.000707000,0.000707000)","(0.000000000,0.001414000)",0.999848988597778,2.6474547617895547,1.6476057731917768,10.0
"(0.000000000,0.001414000)","(0.000707000,0.000707000)",0.999848988597778,1.806361263287849,0.8065122746900709,10.0
"(0.000707000,0.000707000)","(0.000000000,0.000000000)",0.999848988597778,2.076532699496765,1.0766837108989873,10.0
"(0.000000000,0.000000000)","(0.001000000,0.000000000)",1.0,1.5184015643352422,0.5184015643352422,10.0
"(0.001000000,0.000000000)","(0.000293000,0.000707000)",0.999848988597778,1.260362498498996,0.260513509901218,10.0
"(0.000293000,0.000707000)","(0.001000000,0.001414000)",0.999848988597778,2.3147100144909927,1.3148610258932147,10.0
"(0.001000000,0.001414000)","(0.001707000,0.000707000)",0.999848988597778,2.2757137020645377,1.2758647134667598,10.0
"(0.001707000,0.000707000)","(0.001000000,0.000000000)",0.999848988597778,1.3603426971028143,0.36049370850503626,10.0
"(0.001000000,0.000000000)","(0.000000000,0.000000000)",1.0,1.7146752354254504,0.7146752354254504,10.0
"(0.000000000,0.000000000)","(-0.000707000,-0.000707000)",0.999848988597778,2.1948702254380437,1.1950212368402657,10.0
"(-0.000707000,-0.000707000)","(0.000293000,-0.000707000)",1.0,2.2024790136210246,1.2024790136210246,10.0
"(0.000293000,-0.000707000)","(0.001293000,-0.000707000)",1.0,2.465698901708235,1.465698901708235,10.0
"(0.001293000,-0.000707000)","(0.000586000,0.000000000)",0.999848988597778,2.401694309371806,1.401845320774028,10.0
"(0.000586000,0.000000000)","(0.000000000,0.000000000)",0.5860000000000001,1.7403886266526771,1.154388626652677,10.0
"(0.000000000,0.000000000)","(0.001000000,0.000000000)",1.0,1.5366806437936198,0.5366806437936198,10.0
"(0.001000000,0.000000000)","(0.002000000,0.000000000)",1.0,1.8131298413045027,0.8131298413045027,10.0
"(0.002000000,0.000000000)","(0.001000000,0.000000000)",1.0,2.1377014643637007,1.1377014643637007,10.0
"(0.001000000,0.000000000)","(0.000000000,0.000000000)",1.0,3.0725054755460928,2.0725054755460928,10.0
"(0.000000000,0.000000000)","(0.000000000,0.001000000)",1.0,2.940697751127068,1.9406977511270682,10.0
"(0.000000000,0.001000000)","(0.000000000,0.002000000)",1.0,2.2188272271526923,1.2188272271526923,10.0
"(0.000000000,0.002000000)","(0.000000000,0.001000000)",1.0,1.0503743812591224,0.050374381259122414,10.0
"(0.000000000,0.001000000)","(0.000000000,0.000000000)",1.0,2.5833830607856885,1.5833830607856885,10.0
"(0.000000000,0.000000000)","(0.000707000,0.000707000)",0.999848988597778,2.4415591382433717,1.4417101496455937,10.0
"(0.000707000,0.000707000)","(0.001414000,0.001414000)",0.999848988597778,2.0064494055034263,1.0066004169056484,10.0
"(0.001414000,0.001414000)","(0.000707000,0.000707000)",0.999848988597778,2.7402137783530183,1.7403647897552403,10.0
"(0.000707000,0.000707000)","(0.000000000,0.000000000)",0.999848988597778,1.2508176202199526,0.25096863162217453,10.0
"(0.000000000,0.000000000)","(-0.000707000,0.000707000)",0.999848988597778,1.2599425992785638,0.26009361068078574,10.0
"(-0.000707000,0.000707000)","(0.000000000,0.001414000)",0.999848988597778,1.8731568105431902,0.8733078219454121,10.0
"(0.000000000,0.001414000)","(0.000707000,0.000707000)",0.999848988597778,1.7809481627140862,0.7810991741163081,10.0
"(0.000707000,0.000707000)","(0.000000000,0.000000000)",0.999848988597778,1.3071340860739962,0.3072850974762181,10.0
"(0.000000000,0.000000000)","(0.001000000,0.000000000)",1.0,1.193169542279772,0.1931695422797719,10.0
"(0.001000000,0.000000000)","(0.000293000,0.000707000)",0.999848988597778,2.7947132615150343,1.7948642729172564,10.0
"(0.000293000,0.000707000)","(0.001000000,0.001414000)",0.999848988597778,2.2973246747229377,1.2974756861251597,10.0
"(0.001000000,0.001414000)","(0.001707000,0.000707000)",0.999848988597778,2.053899668658113,1.0540506800603349,10.0
"(0.001707000,0.000707000)","(0.001000000,0.000000000)",0.999848988597778,2.348578220836353,1.348729232238575,10.0
"(0.001000000,0.000000000)","(0.000000000,0.000000000)",1.0,1.2563297342094477,0.2563297342094477,10.0
"(0.000000000,0.000000000)","(-0.000707000,-0.000707000)",0.999848988597778,1.8957816289475646,0.8959326403497866,10.0
"(-0.000707000,-0.000707000)","(0.000293000,-0.000707000)",1.0,1.6366638064931078,0.6366638064931078,10.0
"(0.000293000,-0.000707000)","(0.001293000,-0.000707000)",1.0,1.527507008999451,0.5275070089994509,10.0
"(0.001293000,-0.000707000)","(0.000586000,0.000000000)",0.999848988597778,2.0728222138875383,1.0729732252897604,10.0
"(0.000586000,0.000000000)","(0.000000000,0.000000000)",0.5860000000000001,1.7125728659447594,1.1265728659447594,10.0
"(0.000000000,0.000000000)","(0.010000000,0.000000000)",10.0,5.00432103367135,-4.99567896632865,10.0
"(0.010000000,0.000000000)","(0.020000000,0.000000000)",10.0,4.12807369288228,-5.87192630711772,10.0
"(0.020000000,0.000000000)","(0.010000000,0.000000000)",10.0,5.529863424826937,-4.470136575173063,10.0
"(0.010000000,0.000000000)","(0.000000000,0.000000000)",10.0,4.142843314108259,-5.857156685891741,10.0
"(0.000000000,0.000000000)","(0.000000000,0.010000000)",10.0,11.095975485825015,1.095975485825015,10.0
"(0.000000000,0.010000000)","(0.000000000,0.020000000)",10.0,11.337384597933582,1.3373845979335819,10.0
"(0.000000000,0.020000000)","(0.000000000,0.010000000)",10.0,12.44272576526063,2.4427257652606293,10.0
"(0.000000000,0.010000000)","(0.000000000,0.000000000)",10.0,10.605270533460192,0.6052705334601924,10.0
"(0.000000000,0.000000000)","(0.007071000,0.007071000)",9.999904099540155,8.154182763627036,-1.8457213359131188,10.0
"(0.007071000,0.007071000)","(0.014142000,0.014142000)",9.999904099540155,9.006271982752585,-0.9936321167875697,10.0
"(0.014142000,0.014142000)","(0.007071000,0.007071000)",9.999904099540155,9.235395877267601,-0.7645082222725534,10.0
"(0.007071000,0.007071000)","(0.000000000,0.000000000)",9.999904099540155,9.105464052117306,-0.8944400474228491,10.0
"(0.000000000,0.000000000)","(-0.007071000,0.007071000)",9.999904099540155,8.455054280060924,-1.5448498194792304,10.0
"(-0.007071000,0.007071000)","(0.000000000,0.014142000)",9.999904099540155,9.011114753362982,-0.9887893461771728,10.0
"(0.000000000,0.014142000)","(0.007071000,0.007071000)",9.999904099540155,8.977987401808525,-1.0219166977316299,10.0
"(0.007071000,0.007071000)","(0.000000000,0.000000000)",9.999904099540155,9.175609767608481,-0.8242943319316733,10.0
"(0.000000000,0.000000000)","(0.010000000,0.000000000)",10.0,5.932736751345119,-4.067263248654881,10.0
"(0.010000000,0.000000000)","(0.002929000,0.007071000)",9.999904099540155,9.535366416798134,-0.4645376827420211,10.0
"(0.002929000,0.007071000)","(0.010000000,0.014142000)",9.999904099540155,8.807394436202472,-1.1925096633376828,10.0
"(0.010000000,0.014142000)","(0.017071000,0.007071000)",9.999904099540155,9.278505777965002,-0.7213983215751529,10.0
"(0.017071000,0.007071000)","(0.010000000,0.000000000)",9.999904099540155,8.425569904758559,-1.5743341947815956,10.0
"(0.010000000,0.000000000)","(0.000000000,0.000000000)",10.0,5.850349534450723,-4.149650465549277,10.0
"(0.000000000,0.000000000)","(-0.007071000,-0.007071000)",9.999904099540155,8.593585856186758,-1.4063182433533967,10.0
"(-0.007071000,-0.007071000)","(0.002929000,-0.007071000)",10.0,5.161984521267964,-4.838015478732036,10.0
"(0.002929000,-0.007071000)","(0.012929000,-0.007071000)",9.999999999999998,5.129927226018654,-4.870072773981344,10.0
"(0.012929000,-0.007071000)","(0.005858000,0.000000000)",9.999904099540155,9.548904026319432,-0.45100007322072244,10.0
"(0.005858000,0.000000000)","(0.000000000,0.000000000)",5.8580000000000005,2.641505091017844,-3.2164949089821566,10.0
"(0.000000000,0.000000000)","(0.010000000,0.000000000)",10.0,6.034835980436478,-3.965164019563522,10.0
"(0.010000000,0.000000000)","(0.020000000,0.000000000)",10.0,5.572264248342446,-4.427735751657554,10.0
"(0.020000000,0.000000000)","(0.010000000,0.000000000)",10.0,5.3481184730068945,-4.6518815269931055,10.0
"(0.010000000,0.000000000)","(0.000000000,0.000000000)",10.0,5.999461748891183,-4.000538251108817,10.0
"(0.000000000,0.000000000)","(0.000000000,0.010000000)",10.0,11.26175126883215,1.2617512688321497,10.0
"(0.000000000,0.010000000)","(0.000000000,0.020000000)",10.0,11.984198907643071,1.984198907643071,10.0
"(0.000000000,0.020000000)","(0.000000000,0.010000000)",10.0,11.821487847411909,1.821487847411909,10.0
"(0.000000000,0.010000000)","(0.000000000,0.000000000)",10.0,12.163618360240447,2.163618360240447,10.0
"(0.000000000,0.000000000)","(0.007071000,0.007071000)",9.999904099540155,8.337124619623522,-1.662779479916633,10.0
"(0.007071000,0.007071000)","(0.014142000,0.014142000)",9.999904099540155,8.225408696275707,-1.7744954032644475,10.0
"(0.014142000,0.014142000)","(0.007071000,0.007071000)",9.999904099540155,7.900782419153706,-2.0991216803864488,10.0
"(0.007071000,0.007071000)","(0.000000000,0.000000000)",9.999904099540155,8.621044416882699,-1.3788596826574562,10.0
"(0.000000000,0.000000000)","(-0.007071000,0.007071000)",9.999904099540155,9.460732045291177,-0.5391720542489775,10.0
"(-0.007071000,0.007071000)","(0.000000000,0.014142000)",9.999904099540155,8.514410488362543,-1.4854936111776116,10.0
"(0.000000000,0.014142000)","(0.007071000,0.007071000)",9.999904099540155,10.567295704179928,0.5673916046397736,10.0
"(0.007071000,0.007071000)","(0.000000000,0.000000000)",9.999904099540155,8.390838625857441,-1.6090654736827137,10.0
"(0.000000000,0.000000000)","(0.010000000,0.000000000)",10.0,6.740390601792971,-3.2596093982070293,10.0
"(0.010000000,0.000000000)","(0.002929000,0.007071000)",9.999904099540155,9.299515402605222,-0.7003886969349331,10.0
"(0.002929000,0.007071000)","(0.010000000,0.014142000)",9.999904099540155,8.868482314375544,-1.1314217851646102,10.0
"(0.010000000,0.014142000)","(0.017071000,0.007071000)",9.999904099540155,10.768653417293102,0.7687493177529472,10.0
"(0.017071000,0.007071000)","(0.010000000,0.000000000)",9.999904099540155,8.097007211966632,-1.9028968875735224,10.0
"(0.010000000,0.000000000)","(0.000000000,0.000000000)",10.0,3.5670658300021847,-6.432934169997815,10.0
"(0.000000000,0.000000000)","(-0.007071000,-0.007071000)",9.999904099540155,8.59879477211425,-1.401109327425905,10.0
"(-0.007071000,-0.007071000)","(0.002929000,-0.007071000)",10.0,5.911145499279886,-4.088854500720114,10.0
"(0.002929000,-0.007071000)","(0.012929000,-0.007071000)",9.999999999999998,4.145015721983711,-5.854984278016287,10.0
"(0.012929000,-0.007071000)","(0.005858000,0.000000000)",9.999904099540155,8.929964185920982,-1.069939913619173,10.0
"(0.005858000,0.000000000)","(0.000000000,0.000000000)",5.8580000000000005,3.1822848730639968,-2.6757151269360038,10.0
"(0.000000000,0.000000000)","(0.050000000,0.000000000)",50.0,29.792284113771213,-20.207715886228787,10.0
"(0.050000000,0.000000000)","(0.100000000,0.000000000)",50.0,29.743769414450558,-20.256230585549442,10.0
"(0.100000000,0.000000000)","(0.050000000,0.000000000)",50.0,30.274837158800253,-19.725162841199747,10.0
"(0.050000000,0.000000000)","(0.000000000,0.000000000)",50.0,27.964078482428143,-22.035921517571857,10.0
"(0.000000000,0.000000000)","(0.000000000,0.050000000)",50.0,53.7143368499359,3.714336849935897,10.0
"(0.000000000,0.050000000)","(0.000000000,0.100000000)",50.0,41.87674475276841,-8.12325524723159,10.0
"(0.000000000,0.100000000)","(0.000000000,0.050000000)",50.0,42.34001252680979,-7.659987473190213,10.0
"(0.000000000,0.050000000)","(0.000000000,0.000000000)",50.0,52.69676888737287,2.696768887372869,10.0
"(0.000000000,0.000000000)","(0.035355000,0.035355000)",49.99952049770077,41.56242656956127,-8.437093928139504,10.0
"(0.035355000,0.035355000)","(0.070711000,0.070711000)",50.00093471126315,36.980770902494605,-13.020163808768544,10.0
"(0.070711000,0.070711000)","(0.035355000,0.035355000)",50.00093471126315,37.98148132505077,-12.019453386212376,10.0
"(0.035355000,0.035355000)","(0.000000000,0.000000000)",49.99952049770077,41.03427231760252,-8.96524818009825,10.0
"(0.000000000,0.000000000)","(-0.035355000,0.035355000)",49.99952049770077,49.35316095433052,-0.6463595433702523,10.0
"(-0.035355000,0.035355000)","(0.000000000,0.070711000)",50.00022760948194,37.14908555817338,-12.851142051308557,10.0
"(0.000000000,0.070711000)","(0.035355000,0.035355000)",50.00022760948194,40.38531206953008,-9.614915539951859,10.0
"(0.035355000,0.035355000)","(0.000000000,0.000000000)",49.99952049770077,40.390971947344624,-9.608548550356147,10.0
"(0.000000000,0.000000000)","(0.050000000,0.000000000)",50.0,30.302298276370347,-19.697701723629653,10.0
"(0.050000000,0.000000000)","(0.014645000,0.035355000)",49.99952049770078,47.38827767582797,-2.611242821872807,10.0
"(0.014645000,0.035355000)","(0.050000000,0.070711000)",50.00022760948194,36.69392464144151,-13.306302968040427,10.0
"(0.050000000,0.070711000)","(0.085355000,0.035355000)",50.00022760948194,42.93426761493281,-7.065959994549132,10.0
"(0.085355000,0.035355000)","(0.050000000,0.000000000)",49.99952049770077,41.67349365339853,-8.326026844302241,10.0
"(0.050000000,0.000000000)","(0.000000000,0.000000000)",50.0,26.731284447696044,-23.268715552303956,10.0
"(0.000000000,0.000000000)","(-0.035355000,-0.035355000)",49.99952049770077,42.24596661557327,-7.753553882127498,10.0
"(-0.035355000,-0.035355000)","(0.014645000,-0.035355000)",49.99999999999999,29.973579512085525,-20.026420487914468,10.0
"(0.014645000,-0.035355000)","(0.064645000,-0.035355000)",49.99999999999999,30.090780815229778,-19.909219184770215,10.0
"(0.064645000,-0.035355000)","(0.029289000,0.000000000)",50.00022760948194,45.86056149440516,-4.139666115076778,10.0
"(0.029289000,0.000000000)","(0.000000000,0.000000000)",29.288999999999998,18.109410070295603,-11.179589929704395,10.0
"(0.000000000,0.000000000)","(0.050000000,0.000000000)",50.0,27.20393841007874,-22.79606158992126,10.0
"(0.050000000,0.000000000)","(0.100000000,0.000000000)",50.0,34.088659767495464,-15.911340232504536,10.0
"(0.100000000,0.000000000)","(0.050000000,0.000000000)",50.0,34.118972376524894,-15.881027623475106,10.0
"(0.050000000,0.000000000)","(0.000000000,0.000000000)",50.0,28.37758964389154,-21.62241035610846,10.0
"(0.000000000,0.000000000)","(0.000000000,0.050000000)",50.0,53.425767527421236,3.425767527421236,10.0
"(0.000000000,0.050000000)","(0.000000000,0.100000000)",50.0,42.22437352777601,-7.7756264722239905,10.0
"(0.000000000,0.100000000)","(0.000000000,0.050000000)",50.0,42.422236860679824,-7.577763139320176,10.0
"(0.000000000,0.050000000)","(0.000000000,0.000000000)",50.0,53.189586514290575,3.189586514290575,10.0
"(0.000000000,0.000000000)","(0.035355000,0.035355000)",49.99952049770077,41.91845522115537,-8.081065276545402,10.0
"(0.035355000,0.035355000)","(0.070711000,0.070711000)",50.00093471126315,37.087366829187246,-12.913567882075903,10.0
"(0.070711000,0.070711000)","(0.035355000,0.035355000)",50.00093471126315,38.37947089050964,-11.621463820753512,10.0
"(0.035355000,0.035355000)","(0.000000000,0.000000000)",49.99952049770077,41.3983120566281,-8.601208441072671,10.0
"(0.000000000,0.000000000)","(-0.035355000,0.035355000)",49.99952049770077,48.19958319615954,-1.7999373015412345,10.0
"(-0.035355000,0.035355000)","(0.000000000,0.070711000)",50.00022760948194,37.27362766536546,-12.72659994411648,10.0
"(0.000000000,0.070711000)","(0.035355000,0.035355000)",50.00022760948194,39.80921170145418,-10.191015908027758,10.0
"(0.035355000,0.035355000)","(0.000000000,0.000000000)",49.99952049770077,40.54829889034025,-9.451221607360523,10.0
"(0.000000000,0.000000000)","(0.050000000,0.000000000)",50.0,25.157614179819063,-24.842385820180937,10.0
"(0.050000000,0.000000000)","(0.014645000,0.035355000)",49.99952049770078,46.108777408475284,-3.890743089225495,10.0
"(0.014645000,0.035355000)","(0.050000000,0.070711000)",50.00022760948194,35.6613276995293,-14.338899909952637,10.0
"(0.050000000,0.070711000)","(0.085355000,0.035355000)",50.00022760948194,43.84924221239359,-6.150985397088348,10.0
"(0.085355000,0.035355000)","(0.050000000,0.000000000)",49.99952049770077,43.139412959569135,-6.860107538131636,10.0
"(0.050000000,0.000000000)","(0.000000000,0.000000000)",50.0,28.806190172622124,-21.193809827377876,10.0
"(0.000000000,0.000000000)","(-0.035355000,-0.035355000)",49.99952049770077,42.16732500239544,-7.832195495305335,10.0
"(-0.035355000,-0.035355000)","(0.014645000,-0.035355000)",49.99999999999999,29.51399500315484,-20.486004996845153,10.0
"(0.014645000,-0.035355000)","(0.064645000,-0.035355000)",49.99999999999999,31.381767104287064,-18.61823289571293,10.0
"(0.064645000,-0.035355000)","(0.029289000,0.000000000)",50.00022760948194,46.87942756781256,-3.1208000416693764,10.0
"(0.029289000,0.000000000)","(0.000000000,0.000000000)",29.288999999999998,15.971908721619299,-13.3170912783807,10.0
"(0.000000000,0.000000000)","(0.100000000,0.000000000)",100.0,57.60879166074291,-42.39120833925709,10.0
"(0.100000000,0.000000000)","(0.200000000,0.000000000)",100.0,82.67458806714626,-17.32541193285374,10.0
"(0.200000000,0.000000000)","(0.100000000,0.000000000)",100.0,82.95401426705153,-17.045985732948466,10.0
"(0.100000000,0.000000000)","(0.000000000,0.000000000)",100.0,58.27004835218041,-41.72995164781959,10.0
"(0.000000000,0.000000000)","(0.000000000,0.100000000)",100.0,94.52626669785035,-5.473733302149654,10.0
"(0.000000000,0.100000000)","(0.000000000,0.200000000)",100.0,117.37253350335985,17.372533503359847,10.0
"(0.000000000,0.200000000)","(0.000000000,0.100000000)",100.0,117.87011477073527,17.87011477073527,10.0
"(0.000000000,0.100000000)","(0.000000000,0.000000000)",100.0,94.66426602792399,-5.335733972076014,10.0
"(0.000000000,0.000000000)","(0.070711000,0.070711000)",100.00045520896391,77.88944275817276,-22.11101245079115,10.0
"(0.070711000,0.070711000)","(0.141421000,0.141421000)",99.99904099540154,74.00031738878863,-25.998723606612913,10.0
"(0.141421000,0.141421000)","(0.070711000,0.070711000)",99.99904099540154,74.16826979485761,-25.830771200543936,10.0
"(0.070711000,0.070711000)","(0.000000000,0.000000000)",100.00045520896391,77.9941032965224,-22.006351912441517,10.0
"(0.000000000,0.000000000)","(-0.070711000,0.070711000)",100.00045520896391,87.2394465411244,-12.76100866783952,10.0
"(-0.070711000,0.070711000)","(0.000000000,0.141421000)",99.99974810468274,73.03376750791014,-26.965980596772596,10.0
"(0.000000000,0.141421000)","(0.070711000,0.070711000)",99.99974810468274,80.21379436668975,-19.785953737992983,10.0
"(0.070711000,0.070711000)","(0.000000000,0.000000000)",100.00045520896391,76.82894709303943,-23.171508115924482,10.0
"(0.000000000,0.000000000)","(0.100000000,0.000000000)",100.0,58.56190791396807,-41.43809208603193,10.0
"(0.100000000,0.000000000)","(0.029289000,0.070711000)",100.00045520896391,89.68327297415367,-10.317182234810247,10.0
"(0.029289000,0.070711000)","(0.100000000,0.141421000)",99.99974810468275,70.09886395702578,-29.900884147656967,10.0
"(0.100000000,0.141421000)","(0.170711000,0.070711000)",99.99974810468274,87.22677267664214,-12.772975428040596,10.0
"(0.170711000,0.070711000)","(0.100000000,0.000000000)",100.00045520896391,87.6621145926671,-12.338340616296819,10.0
"(0.100000000,0.000000000)","(0.000000000,0.000000000)",100.0,62.57106622402939,-37.42893377597061,10.0
"(0.000000000,0.000000000)","(-0.070711000,-0.070711000)",100.00045520896391,77.18547967010353,-22.81497553886038,10.0
"(-0.070711000,-0.070711000)","(0.029289000,-0.070711000)",99.99999999999999,59.01229195046749,-40.98770804953249,10.0
"(0.029289000,-0.070711000)","(0.129289000,-0.070711000)",99.99999999999999,65.75913591684896,-34.240864083151024,10.0
"(0.129289000,-0.070711000)","(0.058579000,0.000000000)",99.99974810468274,89.22776144362484,-10.771986661057895,10.0
"(0.058579000,0.000000000)","(0.000000000,0.000000000)",58.579,32.43547163143222,-26.14352836856778,10.0
"(0.000000000,0.000000000)","(0.100000000,0.000000000)",100.0,58.65280073468178,-41.34719926531822,10.0
"(0.100000000,0.000000000)","(0.200000000,0.000000000)",100.0,80.85523388931858,-19.144766110681417,10.0
"(0.200000000,0.000000000)","(0.100000000,0.000000000)",100.0,77.29594836334235,-22.704051636657653,10.0
"(0.100000000,0.000000000)","(0.000000000,0.000000000)",100.0,62.13322067145441,-37.86677932854559,10.0
"(0.000000000,0.000000000)","(0.000000000,0.100000000)",100.0,94.00490038431626,-5.995099615683742,10.0
"(0.000000000,0.100000000)","(0.000000000,0.200000000)",100.0,117.44690659121028,17.44690659121028,10.0
"(0.000000000,0.200000000)","(0.000000000,0.100000000)",100.0,117.3847906499358,17.384790649935795,10.0
"(0.000000000,0.100000000)","(0.000000000,0.000000000)",100.0,94.0960847531737,-5.903915246826301,10.0
"(0.000000000,0.000000000)","(0.070711000,0.070711000)",100.00045520896391,76.36108954623887,-23.63936566272504,10.0
"(0.070711000,0.070711000)","(0.141421000,0.141421000)",99.99904099540154,74.89188976360208,-25.107151231799463,10.0
"(0.141421000,0.141421000)","(0.070711000,0.070711000)",99.99904099540154,76.6132606782449,-23.385780317156645,10.0
"(0.070711000,0.070711000)","(0.000000000,0.000000000)",100.00045520896391,77.68507508826511,-22.315380120698805,10.0
"(0.000000000,0.000000000)","(-0.070711000,0.070711000)",100.00045520896391,87.95041080018623,-12.05004440877768,10.0
"(-0.070711000,0.070711000)","(0.000000000,0.141421000)",99.99974810468274,73.18046373898149,-26.81928436570125,10.0
"(0.000000000,0.141421000)","(0.070711000,0.070711000)",99.99974810468274,82.00081586989494,-17.9989322347878,10.0
"(0.070711000,0.070711000)","(0.000000000,0.000000000)",100.00045520896391,79.70209401072333,-20.298361198240585,10.0
"(0.000000000,0.000000000)","(0.100000000,0.000000000)",100.0,60.65907570745843,-39.34092429254157,10.0
"(0.100000000,0.000000000)","(0.029289000,0.070711000)",100.00045520896391,87.23242585922512,-12.768029349738796,10.0
"(0.029289000,0.070711000)","(0.100000000,0.141421000)",99.99974810468275,71.07196545928645,-28.927782645396306,10.0
"(0.100000000,0.141421000)","(0.170711000,0.070711000)",99.99974810468274,86.77734337620494,-13.222404728477798,10.0
"(0.170711000,0.070711000)","(0.100000000,0.000000000)",100.00045520896391,84.85134053418948,-15.149114674774438,10.0
"(0.100000000,0.000000000)","(0.000000000,0.000000000)",100.0,63.5930567069972,-36.4069432930028,10.0
"(0.000000000,0.000000000)","(-0.070711000,-0.070711000)",100.00045520896391,76.15986336462214,-23.840591844341773,10.0
"(-0.070711000,-0.070711000)","(0.029289000,-0.070711000)",99.99999999999999,60.12149400644684,-39.87850599355315,10.0
"(0.029289000,-0.070711000)","(0.129289000,-0.070711000)",99.99999999999999,62.480903692338416,-37.51909630766157,10.0
"(0.129289000,-0.070711000)","(0.058579000,0.000000000)",99.99974810468274,87.48542405690277,-12.514324047779965,10.0
"(0.058579000,0.000000000)","(0.000000000,0.000000000)",58.579,32.70258073282043,-25.87641926717957,10.0
"(0.000000000,0.000000000)","(0.250000000,0.000000000)",250.0,186.84019457000676,-63.15980542999324,10.0
"(0.250000000,0.000000000)","(0.500000000,0.000000000)",250.0,193.780842458988,-56.21915754101201,10.0
"(0.500000000,0.000000000)","(0.250000000,0.000000000)",250.0,193.6637241290759,-56.33627587092411,10.0
"(0.250000000,0.000000000)","(0.000000000,0.000000000)",250.0,191.168326925676,-58.83167307432399,10.0
"(0.000000000,0.000000000)","(0.000000000,0.250000000)",250.0,271.2381356787926,21.238135678792617,10.0
"(0.000000000,0.250000000)","(0.000000000,0.500000000)",250.0,235.41552542398566,-14.584474576014344,10.0
"(0.000000000,0.500000000)","(0.000000000,0.250000000)",250.0,235.43192639761233,-14.56807360238767,10.0
"(0.000000000,0.250000000)","(0.000000000,0.000000000)",250.0,271.29412888338055,21.29412888338055,10.0
"(0.000000000,0.000000000)","(0.176777000,0.176777000)",250.0004309156286,202.24975345980943,-47.750677455819186,10.0
"(0.176777000,0.176777000)","(0.353553000,0.353553000)",249.99901670206629,236.58919844092856,-13.40981826113773,10.0
"(0.353553000,0.353553000)","(0.176777000,0.176777000)",249.99901670206629,237.20249938751087,-12.796517314555416,10.0
"(0.176777000,0.176777000)","(0.000000000,0.000000000)",250.0004309156286,202.86916589165682,-47.13126502397179,10.0
"(0.000000000,0.000000000)","(-0.176777000,0.176777000)",250.0004309156286,231.14558594350785,-18.85484497212076,10.0
"(-0.176777000,0.176777000)","(0.000000000,0.353553000)",249.99972380984744,215.1390282855891,-34.86069552425835,10.0
"(0.000000000,0.353553000)","(0.176777000,0.176777000)",249.99972380984744,253.59398302780716,3.594259217959717,10.0
"(0.176777000,0.176777000)","(0.000000000,0.000000000)",250.0004309156286,204.8127133843893,-45.187717531239315,10.0
"(0.000000000,0.000000000)","(0.250000000,0.000000000)",250.0,184.8936643349302,-65.10633566506979,10.0
"(0.250000000,0.000000000)","(0.073223000,0.176777000)",250.0004309156286,241.51688468968146,-8.483546225947151,10.0
"(0.073223000,0.176777000)","(0.250000000,0.353553000)",249.99972380984744,233.31063160069937,-16.689092209148072,10.0
"(0.250000000,0.353553000)","(0.426777000,0.176777000)",249.99972380984744,264.86714997325294,14.867426163405497,10.0
"(0.426777000,0.176777000)","(0.250000000,0.000000000)",250.0004309156286,211.11806912141734,-38.88236179421128,10.0
"(0.250000000,0.000000000)","(0.000000000,0.000000000)",250.0,184.2706781116722,-65.7293218883278,10.0
"(0.000000000,0.000000000)","(-0.176777000,-0.176777000)",250.0004309156286,213.09527849093857,-36.905152424690044,10.0
"(-0.176777000,-0.176777000)","(0.073223000,-0.176777000)",250.0,172.52226472138327,-77.47773527861673,10.0
"(0.073223000,-0.176777000)","(0.323223000,-0.176777000)",250.0,211.28355048025085,-38.71644951974915,10.0
"(0.323223000,-0.176777000)","(0.146447000,0.000000000)",249.9997238098474,253.28183977795956,3.2821159681121514,10.0
"(0.146447000,0.000000000)","(0.000000000,0.000000000)",146.447,97.7121400727079,-48.734859927292106,10.0
"(0.000000000,0.000000000)","(0.250000000,0.000000000)",250.0,192.25512836129215,-57.74487163870785,10.0
"(0.250000000,0.000000000)","(0.500000000,0.000000000)",250.0,186.64153764732515,-63.35846235267485,10.0
"(0.500000000,0.000000000)","(0.250000000,0.000000000)",250.0,186.88250565927638,-63.117494340723624,10.0
"(0.250000000,0.000000000)","(0.000000000,0.000000000)",250.0,187.49839729915107,-62.501602700848935,10.0
"(0.000000000,0.000000000)","(0.000000000,0.250000000)",250.0,270.0506443401652,20.050644340165206,10.0
"(0.000000000,0.250000000)","(0.000000000,0.500000000)",250.0,236.2336321711343,-13.766367828865697,10.0
"(0.000000000,0.500000000)","(0.000000000,0.250000000)",250.0,330.17248283819595,80.17248283819595,10.0
"(0.000000000,0.250000000)","(0.000000000,0.000000000)",250.0,272.48084910917254,22.48084910917254,10.0
"(0.000000000,0.000000000)","(0.176777000,0.176777000)",250.0004309156286,200.90763087397292,-49.09280004165569,10.0
"(0.176777000,0.176777000)","(0.353553000,0.353553000)",249.99901670206629,452.0584601242094,202.0594434221431,10.0
"(0.353553000,0.353553000)","(0.176777000,0.176777000)",249.99901670206629,383.4535246016705,133.4545078996042,10.0
"(0.176777000,0.176777000)","(0.000000000,0.000000000)",250.0004309156286,202.4318259724923,-47.56860494313631,10.0
"(0.000000000,0.000000000)","(-0.176777000,0.176777000)",250.0004309156286,231.53021010013956,-18.470220815489057,10.0
"(-0.176777000,0.176777000)","(0.000000000,0.353553000)",249.99972380984744,220.53318994065822,-29.46653386918922,10.0
"(0.000000000,0.353553000)","(0.176777000,0.176777000)",249.99972380984744,252.45282186253837,2.453098052690933,10.0
"(0.176777000,0.176777000)","(0.000000000,0.000000000)",250.0004309156286,203.65337536662685,-46.347055549001766,10.0
"(0.000000000,0.000000000)","(0.250000000,0.000000000)",250.0,185.7844733234459,-64.2155266765541,10.0
"(0.250000000,0.000000000)","(0.073223000,0.176777000)",250.0004309156286,244.15501352181724,-5.845417393811374,10.0
"(0.073223000,0.176777000)","(0.250000000,0.353553000)",249.99972380984744,237.4007784811734,-12.598945328674034,10.0
"(0.250000000,0.353553000)","(0.426777000,0.176777000)",249.99972380984744,267.86944570919485,17.86972189934741,10.0
"(0.426777000,0.176777000)","(0.250000000,0.000000000)",250.0004309156286,208.6359943047962,-41.3644366108324,10.0
"(0.250000000,0.000000000)","(0.000000000,0.000000000)",250.0,184.3218940966538,-65.6781059033462,10.0
"(0.000000000,0.000000000)","(-0.176777000,-0.176777000)",250.0004309156286,211.29352351957,-38.706907396058625,10.0
"(-0.176777000,-0.176777000)","(0.073223000,-0.176777000)",250.0,178.3138634070592,-71.68613659294081,10.0
"(0.073223000,-0.176777000)","(0.323223000,-0.176777000)",250.0,208.9766810350504,-41.023318964949596,10.0
"(0.323223000,-0.176777000)","(0.146447000,0.000000000)",249.9997238098474,253.0424997112891,3.0427759014417006,10.0
"(0.146447000,0.000000000)","(0.000000000,0.000000000)",146.447,98.43391610933541,-48.01308389066459,10.0
"(0.000000000,0.000000000)","(0.001000000,0.000000000)",1.0,2.203448269394407,1.203448269394407,5.0
"(0.001000000,0.000000000)","(0.002000000,0.000000000)",1.0,1.4930383654860586,0.4930383654860586,5.0
"(0.002000000,0.000000000)","(0.001000000,0.000000000)",1.0,2.1520536584606944,1.1520536584606944,5.0
"(0.001000000,0.000000000)","(0.000000000,0.000000000)",1.0,1.8840075469239368,0.8840075469239368,5.0
"(0.000000000,0.000000000)","(0.000000000,0.001000000)",1.0,1.9352738466636334,0.9352738466636334,5.0
"(0.000000000,0.001000000)","(0.000000000,0.002000000)",1.0,1.8873163454094513,0.8873163454094513,5.0
"(0.000000000,0.002000000)","(0.000000000,0.001000000)",1.0,1.7937183980600335,0.7937183980600335,5.0
"(0.000000000,0.001000000)","(0.000000000,0.000000000)",1.0,1.6075060357003432,0.6075060357003432,5.0
"(0.000000000,0.000000000)","(0.000707000,0.000707000)",0.999848988597778,2.6462346273415367,1.6463856387437588,5.0
"(0.000707000,0.000707000)","(0.001414000,0.001414000)",0.999848988597778,3.0562901634006687,2.056441174802891,5.0
"(0.001414000,0.001414000)","(0.000707000,0.000707000)",0.999848988597778,2.353884755867251,1.354035767269473,5.0
"(0.000707000,0.000707000)","(0.000000000,0.000000000)",0.999848988597778,2.768723776727307,1.768874788129529,5.0
"(0.000000000,0.000000000)","(-0.000707000,0.000707000)",0.999848988597778,2.3949018120087264,1.3950528234109485,5.0
"(-0.000707000,0.000707000)","(0.000000000,0.001414000)",0.999848988597778,1.6369906752369439,0.6371416866391658,5.0
"(0.000000000,0.001414000)","(0.000707000,0.000707000)",0.999848988597778,3.055147410961313,2.055298422363535,5.0
"(0.000707000,0.000707000)","(0.000000000,0.000000000)",0.999848988597778,2.3551781045846973,1.3553291159869194,5.0
"(0.000000000,0.000000000)","(0.001000000,0.000000000)",1.0,1.8321086176764767,0.8321086176764767,5.0
"(0.001000000,0.000000000)","(0.000293000,0.000707000)",0.999848988597778,2.354366701608996,1.354517713011218,5.0
"(0.000293000,0.000707000)","(0.001000000,0.001414000)",0.999848988597778,2.3664717757201243,1.3666227871223464,5.0
"(0.001000000,0.001414000)","(0.001707000,0.000707000)",0.999848988597778,2.0021139244253985,1.0022649358276206,5.0
"(0.001707000,0.000707000)","(0.001000000,0.000000000)",0.999848988597778,2.260910978211265,1.261061989613487,5.0
"(0.001000000,0.000000000)","(0.000000000,0.000000000)",1.0,1.3654352991512033,0.3654352991512033,5.0
"(0.000000000,0.000000000)","(-0.000707000,-0.000707000)",0.999848988597778,1.0487267338586141,0.0488777452608361,5.0
"(-0.000707000,-0.000707000)","(0.000293000,-0.000707000)",1.0,1.4969744028674266,0.49697440286742656,5.0
"(0.000293000,-0.000707000)","(0.001293000,-0.000707000)",1.0,2.1809333132243984,1.1809333132243984,5.0
"(0.001293000,-0.000707000)","(0.000586000,0.000000000)",0.999848988597778,2.265953666031734,1.266104677433956,5.0
"(0.000586000,0.000000000)","(0.000000000,0.000000000)",0.5860000000000001,2.094048001977421,1.5080480019774207,5.0
"(0.000000000,0.000000000)","(0.001000000,0.000000000)",1.0,1.9970662908861954,0.9970662908861954,5.0
"(0.001000000,0.000000000)","(0.002000000,0.000000000)",1.0,2.4812425277953474,1.4812425277953474,5.0
"(0.002000000,0.000000000)","(0.001000000,0.000000000)",1.0,2.406317122978088,1.4063171229780882,5.0
"(0.001000000,0.000000000)","(0.000000000,0.000000000)",1.0,1.2720847731899332,0.2720847731899332,5.0
"(0.000000000,0.000000000)","(0.000000000,0.001000000)",1.0,1.7379117900842376,0.7379117900842376,5.0
"(0.000000000,0.001000000)","(0.000000000,0.002000000)",1.0,1.5244678057097147,0.5244678057097147,5.0
"(0.000000000,0.002000000)","(0.000000000,0.001000000)",1.0,1.6272496312507292,0.6272496312507292,5.0
"(0.000000000,0.001000000)","(0.000000000,0.000000000)",1.0,2.158726350359427,1.158726350359427,5.0
"(0.000000000,0.000000000)","(0.000707000,0.000707000)",0.999848988597778,2.1539127504336286,1.1540637618358507,5.0
"(0.000707000,0.000707000)","(0.001414000,0.001414000)",0.999848988597778,1.4852449760784074,0.4853959874806294,5.0
"(0.001414000,0.001414000)","(0.000707000,0.000707000)",0.999848988597778,2.8587304093063204,1.8588814207085425,5.0
"(0.000707000,0.000707000)","(0.000000000,0.000000000)",0.999848988597778,2.8624485670799644,1.8625995784821865,5.0
"(0.000000000,0.000000000)","(-0.000707000,0.000707000)",0.999848988597778,0.8674648695276386,-0.13238411907013947,5.0
"(-0.000707000,0.000707000)","(0.000000000,0.001414000)",0.999848988597778,1.455174289497042,0.45532530089926404,5.0
"(0.000000000,0.001414000)","(0.000707000,0.000707000)",0.999848988597778,1.7791249055758844,0.7792759169781064,5.0
"(0.000707000,0.000707000)","(0.000000000,0.000000000)",0.999848988597778,1.9676371541890805,0.9677881655913024,5.0
"(0.000000000,0.000000000)","(0.001000000,0.000000000)",1.0,1.7965984942286493,0.7965984942286493,5.0
"(0.001000000,0.000000000)","(0.000293000,0.000707000)",0.999848988597778,1.2346532583205594,0.23480426972278134,5.0
"(0.000293000,0.000707000)","(0.001000000,0.001414000)",0.999848988597778,1.8665432670525612,0.8666942784547832,5.0
"(0.001000000,0.001414000)","(0.001707000,0.000707000)",0.999848988597778,2.300752282550452,1.3009032939526741,5.0
"(0.001707000,0.000707000)","(0.001000000,0.000000000)",0.999848988597778,2.53982935303852,1.539980364440742,5.0
"(0.001000000,0.000000000)","(0.000000000,0.000000000)",1.0,2.176395795700536,1.176395795700536,5.0
"(0.000000000,0.000000000)","(-0.000707000,-0.000707000)",0.999848988597778,2.3764439145180223,1.3765949259202443,5.0
"(-0.000707000,-0.000707000)","(0.000293000,-0.000707000)",1.0,2.330319709671862,1.330319709671862,5.0
"(0.000293000,-0.000707000)","(0.001293000,-0.000707000)",1.0,1.765497565547515,0.7654975655475149,5.0
"(0.001293000,-0.000707000)","(0.000586000,0.000000000)",0.999848988597778,1.8618093900729076,0.8619604014751295,5.0
"(0.000586000,0.000000000)","(0.000000000,0.000000000)",0.5860000000000001,1.4407023642172048,0.8547023642172047,5.0
"(0.000000000,0.000000000)","(0.010000000,0.000000000)",10.0,4.101715694970726,-5.898284305029274,5.0
"(0.010000000,0.000000000)","(0.020000000,0.000000000)",10.0,7.45910747595858,-2.5408925240414204,5.0
"(0.020000000,0.000000000)","(0.010000000,0.000000000)",10.0,7.502872076283792,-2.4971279237162083,5.0
"(0.010000000,0.000000000)","(0.000000000,0.000000000)",10.0,3.290679806944708,-6.709320193055293,5.0
"(0.000000000,0.000000000)","(0.000000000,0.010000000)",10.0,11.789686497148562,1.789686497148562,5.0
"(0.000000000,0.010000000)","(0.000000000,0.020000000)",10.0,11.232484485774286,1.232484485774286,5.0
"(0.000000000,0.020000000)","(0.000000000,0.010000000)",10.0,11.301336096799433,1.3013360967994334,5.0
"(0.000000000,0.010000000)","(0.000000000,0.000000000)",10.0,11.540738457715527,1.540738457715527,5.0
"(0.000000000,0.000000000)","(0.007071000,0.007071000)",9.999904099540155,8.390002033699268,-1.6099020658408865,5.0
"(0.007071000,0.007071000)","(0.014142000,0.014142000)",9.999904099540155,9.37098220505662,-0.6289218944835344,5.0
