start_idx,end_idx,expected_distance,feed
0,1,0.001,50.0
1,2,0.001,50.0
2,3,0.001,50.0
3,4,0.001,50.0
4,5,0.001,50.0
5,6,0.001,50.0
6,7,0.001,50.0
7,8,0.001,50.0
8,9,0.000999848988597778,50.0
9,10,0.000999848988597778,50.0
10,11,0.000999848988597778,50.0
11,12,0.000999848988597778,50.0
12,13,0.000999848988597778,50.0
13,14,0.000999848988597778,50.0
14,15,0.000999848988597778,50.0
15,16,0.000999848988597778,50.0
16,17,0.001,50.0
17,18,0.000999848988597778,50.0
18,19,0.000999848988597778,50.0
19,20,0.000999848988597778,50.0
20,21,0.000999848988597778,50.0
21,22,0.001,50.0
22,23,0.000999848988597778,50.0
23,24,0.001,50.0
24,25,0.001,50.0
25,26,0.000999848988597778,50.0
26,27,0.000586,50.0
27,28,0.001,50.0
28,29,0.001,50.0
29,30,0.001,50.0
30,31,0.001,50.0
31,32,0.001,50.0
32,33,0.001,50.0
33,34,0.001,50.0
34,35,0.001,50.0
35,36,0.000999848988597778,50.0
36,37,0.000999848988597778,50.0
37,38,0.000999848988597778,50.0
38,39,0.000999848988597778,50.0
39,40,0.000999848988597778,50.0
40,41,0.000999848988597778,50.0
41,42,0.000999848988597778,50.0
42,43,0.000999848988597778,50.0
43,44,0.001,50.0
44,45,0.000999848988597778,50.0
45,46,0.000999848988597778,50.0
46,47,0.000999848988597778,50.0
47,48,0.000999848988597778,50.0
48,49,0.001,50.0
49,50,0.000999848988597778,50.0
50,51,0.001,50.0
51,52,0.001,50.0
52,53,0.000999848988597778,50.0
53,54,0.000586,50.0
54,55,0.01,50.0
55,56,0.01,50.0
56,57,0.01,50.0
57,58,0.01,50.0
58,59,0.01,50.0
59,60,0.01,50.0
60,61,0.01,50.0
61,62,0.01,50.0
62,63,0.009999904099540154,50.0
63,64,0.009999904099540154,50.0
64,65,0.009999904099540154,50.0
65,66,0.009999904099540154,50.0
66,67,0.009999904099540154,50.0
67,68,0.009999904099540154,50.0
68,69,0.009999904099540154,50.0
69,70,0.009999904099540154,50.0
70,71,0.01,50.0
71,72,0.009999904099540154,50.0
72,73,0.009999904099540154,50.0
73,74,0.009999904099540154,50.0
74,75,0.009999904099540154,50.0
75,76,0.01,50.0
76,77,0.009999904099540154,50.0
77,78,0.01,50.0
78,79,0.009999999999999998,50.0
79,80,0.009999904099540154,50.0
80,81,0.005858,50.0
81,82,0.01,50.0
82,83,0.01,50.0
83,84,0.01,50.0
84,85,0.01,50.0
85,86,0.01,50.0
86,87,0.01,50.0
87,88,0.01,50.0
88,89,0.01,50.0
89,90,0.009999904099540154,50.0
90,91,0.009999904099540154,50.0
91,92,0.009999904099540154,50.0
92,93,0.009999904099540154,50.0
93,94,0.009999904099540154,50.0
94,95,0.009999904099540154,50.0
95,96,0.009999904099540154,50.0
96,97,0.009999904099540154,50.0
97,98,0.01,50.0
98,99,0.009999904099540154,50.0
99,100,0.009999904099540154,50.0
100,101,0.009999904099540154,50.0
101,102,0.009999904099540154,50.0
102,103,0.01,50.0
103,104,0.009999904099540154,50.0
104,105,0.01,50.0
105,106,0.009999999999999998,50.0
106,107,0.009999904099540154,50.0
107,108,0.005858,50.0
108,109,0.05,50.0
109,110,0.05,50.0
110,111,0.05,50.0
111,112,0.05,50.0
112,113,0.05,50.0
113,114,0.05,50.0
114,115,0.05,50.0
115,116,0.05,50.0
116,117,0.04999952049770077,50.0
117,118,0.05000093471126315,50.0
118,119,0.05000093471126315,50.0
119,120,0.04999952049770077,50.0
120,121,0.04999952049770077,50.0
121,122,0.05000022760948194,50.0
122,123,0.05000022760948194,50.0
123,124,0.04999952049770077,50.0
124,125,0.05,50.0
125,126,0.04999952049770078,50.0
126,127,0.05000022760948194,50.0
127,128,0.05000022760948194,50.0
128,129,0.04999952049770077,50.0
129,130,0.05,50.0
130,131,0.04999952049770077,50.0
131,132,0.049999999999999996,50.0
132,133,0.049999999999999996,50.0
133,134,0.05000022760948194,50.0
134,135,0.029289,50.0
135,136,0.05,50.0
136,137,0.05,50.0
137,138,0.05,50.0
138,139,0.05,50.0
139,140,0.05,50.0
140,141,0.05,50.0
141,142,0.05,50.0
142,143,0.05,50.0
143,144,0.04999952049770077,50.0
144,145,0.05000093471126315,50.0
145,146,0.05000093471126315,50.0
146,147,0.04999952049770077,50.0
147,148,0.04999952049770077,50.0
148,149,0.05000022760948194,50.0
149,150,0.05000022760948194,50.0
150,151,0.04999952049770077,50.0
151,152,0.05,50.0
152,153,0.04999952049770078,50.0
153,154,0.05000022760948194,50.0
154,155,0.05000022760948194,50.0
155,156,0.04999952049770077,50.0
156,157,0.05,50.0
157,158,0.04999952049770077,50.0
158,159,0.049999999999999996,50.0
159,160,0.049999999999999996,50.0
160,161,0.05000022760948194,50.0
161,162,0.029289,50.0
162,163,0.1,50.0
163,164,0.1,50.0
164,165,0.1,50.0
165,166,0.1,50.0
166,167,0.1,50.0
167,168,0.1,50.0
168,169,0.1,50.0
169,170,0.1,50.0
170,171,0.10000045520896392,50.0
171,172,0.09999904099540154,50.0
172,173,0.09999904099540154,50.0
173,174,0.10000045520896392,50.0
174,175,0.10000045520896392,50.0
175,176,0.09999974810468273,50.0
176,177,0.09999974810468273,50.0
177,178,0.10000045520896392,50.0
178,179,0.1,50.0
179,180,0.10000045520896392,50.0
180,181,0.09999974810468275,50.0
181,182,0.09999974810468273,50.0
182,183,0.10000045520896392,50.0
183,184,0.1,50.0
184,185,0.10000045520896392,50.0
185,186,0.09999999999999999,50.0
186,187,0.09999999999999999,50.0
187,188,0.09999974810468273,50.0
188,189,0.058579,50.0
189,190,0.1,50.0
190,191,0.1,50.0
191,192,0.1,50.0
192,193,0.1,50.0
193,194,0.1,50.0
194,195,0.1,50.0
195,196,0.1,50.0
196,197,0.1,50.0
197,198,0.10000045520896392,50.0
198,199,0.09999904099540154,50.0
199,200,0.09999904099540154,50.0
200,201,0.10000045520896392,50.0
201,202,0.10000045520896392,50.0
202,203,0.09999974810468273,50.0
203,204,0.09999974810468273,50.0
204,205,0.10000045520896392,50.0
205,206,0.1,50.0
206,207,0.10000045520896392,50.0
207,208,0.09999974810468275,50.0
208,209,0.09999974810468273,50.0
209,210,0.10000045520896392,50.0
210,211,0.1,50.0
211,212,0.10000045520896392,50.0
212,213,0.09999999999999999,50.0
213,214,0.09999999999999999,50.0
214,215,0.09999974810468273,50.0
215,216,0.058579,50.0
216,217,0.25,50.0
217,218,0.25,50.0
218,219,0.25,50.0
219,220,0.25,50.0
220,221,0.25,50.0
221,222,0.25,50.0
222,223,0.25,50.0
223,224,0.25,50.0
224,225,0.2500004309156286,50.0
225,226,0.24999901670206628,50.0
226,227,0.24999901670206628,50.0
227,228,0.2500004309156286,50.0
228,229,0.2500004309156286,50.0
229,230,0.24999972380984745,50.0
230,231,0.24999972380984745,50.0
231,232,0.2500004309156286,50.0
232,233,0.25,50.0
233,234,0.2500004309156286,50.0
234,235,0.24999972380984745,50.0
235,236,0.24999972380984745,50.0
236,237,0.2500004309156286,50.0
237,238,0.25,50.0
238,239,0.2500004309156286,50.0
239,240,0.25,50.0
240,241,0.25,50.0
241,242,0.24999972380984742,50.0
242,243,0.146447,50.0
243,244,0.25,50.0
244,245,0.25,50.0
245,246,0.25,50.0
246,247,0.25,50.0
247,248,0.25,50.0
248,249,0.25,50.0
249,250,0.25,50.0
250,251,0.25,50.0
251,252,0.2500004309156286,50.0
252,253,0.24999901670206628,50.0
253,254,0.24999901670206628,50.0
254,255,0.2500004309156286,50.0
255,256,0.2500004309156286,50.0
256,257,0.24999972380984745,50.0
257,258,0.24999972380984745,50.0
258,259,0.2500004309156286,50.0
259,260,0.25,50.0
260,261,0.2500004309156286,50.0
261,262,0.24999972380984745,50.0
262,263,0.24999972380984745,50.0
263,264,0.2500004309156286,50.0
264,265,0.25,50.0
265,266,0.2500004309156286,50.0
266,267,0.25,50.0
267,268,0.25,50.0
268,269,0.24999972380984742,50.0
269,270,0.146447,50.0
270,271,0.001,25.0
271,272,0.001,25.0
272,273,0.001,25.0
273,274,0.001,25.0
274,275,0.001,25.0
275,276,0.001,25.0
276,277,0.001,25.0
277,278,0.001,25.0
278,279,0.000999848988597778,25.0
279,280,0.000999848988597778,25.0
280,281,0.000999848988597778,25.0
281,282,0.000999848988597778,25.0
282,283,0.000999848988597778,25.0
283,284,0.000999848988597778,25.0
284,285,0.000999848988597778,25.0
285,286,0.000999848988597778,25.0
286,287,0.001,25.0
287,288,0.000999848988597778,25.0
288,289,0.000999848988597778,25.0
289,290,0.000999848988597778,25.0
290,291,0.000999848988597778,25.0
291,292,0.001,25.0
292,293,0.000999848988597778,25.0
293,294,0.001,25.0
294,295,0.001,25.0
295,296,0.000999848988597778,25.0
296,297,0.000586,25.0
297,298,0.001,25.0
298,299,0.001,25.0
299,300,0.001,25.0
300,301,0.001,25.0
301,302,0.001,25.0
302,303,0.001,25.0
303,304,0.001,25.0
304,305,0.001,25.0
305,306,0.000999848988597778,25.0
306,307,0.000999848988597778,25.0
307,308,0.000999848988597778,25.0
308,309,0.000999848988597778,25.0
309,310,0.000999848988597778,25.0
310,311,0.000999848988597778,25.0
311,312,0.000999848988597778,25.0
312,313,0.000999848988597778,25.0
313,314,0.001,25.0
314,315,0.000999848988597778,25.0
315,316,0.000999848988597778,25.0
316,317,0.000999848988597778,25.0
317,318,0.000999848988597778,25.0
318,319,0.001,25.0
319,320,0.000999848988597778,25.0
320,321,0.001,25.0
321,322,0.001,25.0
322,323,0.000999848988597778,25.0
323,324,0.000586,25.0
324,325,0.01,25.0
325,326,0.01,25.0
326,327,0.01,25.0
327,328,0.01,25.0
328,329,0.01,25.0
329,330,0.01,25.0
330,331,0.01,25.0
331,332,0.01,25.0
332,333,0.009999904099540154,25.0
333,334,0.009999904099540154,25.0
334,335,0.009999904099540154,25.0
335,336,0.009999904099540154,25.0
336,337,0.009999904099540154,25.0
337,338,0.009999904099540154,25.0
338,339,0.009999904099540154,25.0
339,340,0.009999904099540154,25.0
340,341,0.01,25.0
341,342,0.009999904099540154,25.0
342,343,0.009999904099540154,25.0
343,344,0.009999904099540154,25.0
344,345,0.009999904099540154,25.0
345,346,0.01,25.0
346,347,0.009999904099540154,25.0
347,348,0.01,25.0
348,349,0.009999999999999998,25.0
349,350,0.009999904099540154,25.0
350,351,0.005858,25.0
351,352,0.01,25.0
352,353,0.01,25.0
353,354,0.01,25.0
354,355,0.01,25.0
355,356,0.01,25.0
356,357,0.01,25.0
357,358,0.01,25.0
358,359,0.01,25.0
359,360,0.009999904099540154,25.0
360,361,0.009999904099540154,25.0
361,362,0.009999904099540154,25.0
362,363,0.009999904099540154,25.0
363,364,0.009999904099540154,25.0
364,365,0.009999904099540154,25.0
365,366,0.009999904099540154,25.0
366,367,0.009999904099540154,25.0
367,368,0.01,25.0
368,369,0.009999904099540154,25.0
369,370,0.009999904099540154,25.0
370,371,0.009999904099540154,25.0
371,372,0.009999904099540154,25.0
372,373,0.01,25.0
373,374,0.009999904099540154,25.0
374,375,0.01,25.0
375,376,0.009999999999999998,25.0
376,377,0.009999904099540154,25.0
377,378,0.005858,25.0
378,379,0.05,25.0
379,380,0.05,25.0
380,381,0.05,25.0
381,382,0.05,25.0
382,383,0.05,25.0
383,384,0.05,25.0
384,385,0.05,25.0
385,386,0.05,25.0
386,387,0.04999952049770077,25.0
387,388,0.05000093471126315,25.0
388,389,0.05000093471126315,25.0
389,390,0.04999952049770077,25.0
390,391,0.04999952049770077,25.0
391,392,0.05000022760948194,25.0
392,393,0.05000022760948194,25.0
393,394,0.04999952049770077,25.0
394,395,0.05,25.0
395,396,0.04999952049770078,25.0
396,397,0.05000022760948194,25.0
397,398,0.05000022760948194,25.0
398,399,0.04999952049770077,25.0
399,400,0.05,25.0
400,401,0.04999952049770077,25.0
401,402,0.049999999999999996,25.0
402,403,0.049999999999999996,25.0
403,404,0.05000022760948194,25.0
404,405,0.029289,25.0
405,406,0.05,25.0
406,407,0.05,25.0
407,408,0.05,25.0
408,409,0.05,25.0
409,410,0.05,25.0
410,411,0.05,25.0
411,412,0.05,25.0
412,413,0.05,25.0
413,414,0.04999952049770077,25.0
414,415,0.05000093471126315,25.0
415,416,0.05000093471126315,25.0
416,417,0.04999952049770077,25.0
417,418,0.04999952049770077,25.0
418,419,0.05000022760948194,25.0
419,420,0.05000022760948194,25.0
420,421,0.04999952049770077,25.0
421,422,0.05,25.0
422,423,0.04999952049770078,25.0
423,424,0.05000022760948194,25.0
424,425,0.05000022760948194,25.0
425,426,0.04999952049770077,25.0
426,427,0.05,25.0
427,428,0.04999952049770077,25.0
428,429,0.049999999999999996,25.0
429,430,0.049999999999999996,25.0
430,431,0.05000022760948194,25.0
431,432,0.029289,25.0
432,433,0.1,25.0
433,434,0.1,25.0
434,435,0.1,25.0
435,436,0.1,25.0
436,437,0.1,25.0
437,438,0.1,25.0
438,439,0.1,25.0
439,440,0.1,25.0
440,441,0.10000045520896392,25.0
441,442,0.09999904099540154,25.0
442,443,0.09999904099540154,25.0
443,444,0.10000045520896392,25.0
444,445,0.10000045520896392,25.0
445,446,0.09999974810468273,25.0
446,447,0.09999974810468273,25.0
447,448,0.10000045520896392,25.0
448,449,0.1,25.0
449,450,0.10000045520896392,25.0
450,451,0.09999974810468275,25.0
451,452,0.09999974810468273,25.0
452,453,0.10000045520896392,25.0
453,454,0.1,25.0
454,455,0.10000045520896392,25.0
455,456,0.09999999999999999,25.0
456,457,0.09999999999999999,25.0
457,458,0.09999974810468273,25.0
458,459,0.058579,25.0
459,460,0.1,25.0
460,461,0.1,25.0
461,462,0.1,25.0
462,463,0.1,25.0
463,464,0.1,25.0
464,465,0.1,25.0
465,466,0.1,25.0
466,467,0.1,25.0
467,468,0.10000045520896392,25.0
468,469,0.09999904099540154,25.0
469,470,0.09999904099540154,25.0
470,471,0.10000045520896392,25.0
471,472,0.10000045520896392,25.0
472,473,0.09999974810468273,25.0
473,474,0.09999974810468273,25.0
474,475,0.10000045520896392,25.0
475,476,0.1,25.0
476,477,0.10000045520896392,25.0
477,478,0.09999974810468275,25.0
478,479,0.09999974810468273,25.0
479,480,0.10000045520896392,25.0
480,481,0.1,25.0
481,482,0.10000045520896392,25.0
482,483,0.09999999999999999,25.0
483,484,0.09999999999999999,25.0
484,485,0.09999974810468273,25.0
485,486,0.058579,25.0
486,487,0.25,25.0
487,488,0.25,25.0
488,489,0.25,25.0
489,490,0.25,25.0
490,491,0.25,25.0
491,492,0.25,25.0
492,493,0.25,25.0
493,494,0.25,25.0
494,495,0.2500004309156286,25.0
495,496,0.24999901670206628,25.0
496,497,0.24999901670206628,25.0
497,498,0.2500004309156286,25.0
498,499,0.2500004309156286,25.0
499,500,0.24999972380984745,25.0
500,501,0.24999972380984745,25.0
501,502,0.2500004309156286,25.0
502,503,0.25,25.0
503,504,0.2500004309156286,25.0
504,505,0.24999972380984745,25.0
505,506,0.24999972380984745,25.0
506,507,0.2500004309156286,25.0
507,508,0.25,25.0
508,509,0.2500004309156286,25.0
509,510,0.25,25.0
510,511,0.25,25.0
511,512,0.24999972380984742,25.0
512,513,0.146447,25.0
513,514,0.25,25.0
514,515,0.25,25.0
515,516,0.25,25.0
516,517,0.25,25.0
517,518,0.25,25.0
518,519,0.25,25.0
519,520,0.25,25.0
520,521,0.25,25.0
521,522,0.2500004309156286,25.0
522,523,0.24999901670206628,25.0
523,524,0.24999901670206628,25.0
524,525,0.2500004309156286,25.0
525,526,0.2500004309156286,25.0
526,527,0.24999972380984745,25.0
527,528,0.24999972380984745,25.0
528,529,0.2500004309156286,25.0
529,530,0.25,25.0
530,531,0.2500004309156286,25.0
531,532,0.24999972380984745,25.0
532,533,0.24999972380984745,25.0
533,534,0.2500004309156286,25.0
534,535,0.25,25.0
535,536,0.2500004309156286,25.0
536,537,0.25,25.0
537,538,0.25,25.0
538,539,0.24999972380984742,25.0
539,540,0.146447,25.0
540,541,0.001,10.0
541,542,0.001,10.0
542,543,0.001,10.0
543,544,0.001,10.0
544,545,0.001,10.0
545,546,0.001,10.0
546,547,0.001,10.0
547,548,0.001,10.0
548,549,0.000999848988597778,10.0
549,550,0.000999848988597778,10.0
550,551,0.000999848988597778,10.0
551,552,0.000999848988597778,10.0
552,553,0.000999848988597778,10.0
553,554,0.000999848988597778,10.0
554,555,0.000999848988597778,10.0
555,556,0.000999848988597778,10.0
556,557,0.001,10.0
557,558,0.000999848988597778,10.0
558,559,0.000999848988597778,10.0
559,560,0.000999848988597778,10.0
560,561,0.000999848988597778,10.0
561,562,0.001,10.0
562,563,0.000999848988597778,10.0
563,564,0.001,10.0
564,565,0.001,10.0
565,566,0.000999848988597778,10.0
566,567,0.000586,10.0
567,568,0.001,10.0
568,569,0.001,10.0
569,570,0.001,10.0
570,571,0.001,10.0
571,572,0.001,10.0
572,573,0.001,10.0
573,574,0.001,10.0
574,575,0.001,10.0
575,576,0.000999848988597778,10.0
576,577,0.000999848988597778,10.0
577,578,0.000999848988597778,10.0
578,579,0.000999848988597778,10.0
579,580,0.000999848988597778,10.0
580,581,0.000999848988597778,10.0
581,582,0.000999848988597778,10.0
582,583,0.000999848988597778,10.0
583,584,0.001,10.0
584,585,0.000999848988597778,10.0
585,586,0.000999848988597778,10.0
586,587,0.000999848988597778,10.0
587,588,0.000999848988597778,10.0
588,589,0.001,10.0
589,590,0.000999848988597778,10.0
590,591,0.001,10.0
591,592,0.001,10.0
592,593,0.000999848988597778,10.0
593,594,0.000586,10.0
594,595,0.01,10.0
595,596,0.01,10.0
596,597,0.01,10.0
597,598,0.01,10.0
598,599,0.01,10.0
599,600,0.01,10.0
600,601,0.01,10.0
601,602,0.01,10.0
602,603,0.009999904099540154,10.0
603,604,0.009999904099540154,10.0
604,605,0.009999904099540154,10.0
605,606,0.009999904099540154,10.0
606,607,0.009999904099540154,10.0
607,608,0.009999904099540154,10.0
608,609,0.009999904099540154,10.0
609,610,0.009999904099540154,10.0
610,611,0.01,10.0
611,612,0.009999904099540154,10.0
612,613,0.009999904099540154,10.0
613,614,0.009999904099540154,10.0
614,615,0.009999904099540154,10.0
615,616,0.01,10.0
616,617,0.009999904099540154,10.0
617,618,0.01,10.0
618,619,0.009999999999999998,10.0
619,620,0.009999904099540154,10.0
620,621,0.005858,10.0
621,622,0.01,10.0
622,623,0.01,10.0
623,624,0.01,10.0
624,625,0.01,10.0
625,626,0.01,10.0
626,627,0.01,10.0
627,628,0.01,10.0
628,629,0.01,10.0
629,630,0.009999904099540154,10.0
630,631,0.009999904099540154,10.0
631,632,0.009999904099540154,10.0
632,633,0.009999904099540154,10.0
633,634,0.009999904099540154,10.0
634,635,0.009999904099540154,10.0
635,636,0.009999904099540154,10.0
636,637,0.009999904099540154,10.0
637,638,0.01,10.0
638,639,0.009999904099540154,10.0
639,640,0.009999904099540154,10.0
640,641,0.009999904099540154,10.0
641,642,0.009999904099540154,10.0
642,643,0.01,10.0
643,644,0.009999904099540154,10.0
644,645,0.01,10.0
645,646,0.009999999999999998,10.0
646,647,0.009999904099540154,10.0
647,648,0.005858,10.0
648,649,0.05,10.0
649,650,0.05,10.0
650,651,0.05,10.0
651,652,0.05,10.0
652,653,0.05,10.0
653,654,0.05,10.0
654,655,0.05,10.0
655,656,0.05,10.0
656,657,0.04999952049770077,10.0
657,658,0.05000093471126315,10.0
658,659,0.05000093471126315,10.0
659,660,0.04999952049770077,10.0
660,661,0.04999952049770077,10.0
661,662,0.05000022760948194,10.0
662,663,0.05000022760948194,10.0
663,664,0.04999952049770077,10.0
664,665,0.05,10.0
665,666,0.04999952049770078,10.0
666,667,0.05000022760948194,10.0
667,668,0.05000022760948194,10.0
668,669,0.04999952049770077,10.0
669,670,0.05,10.0
670,671,0.04999952049770077,10.0
671,672,0.049999999999999996,10.0
672,673,0.049999999999999996,10.0
673,674,0.05000022760948194,10.0
674,675,0.029289,10.0
675,676,0.05,10.0
676,677,0.05,10.0
677,678,0.05,10.0
678,679,0.05,10.0
679,680,0.05,10.0
680,681,0.05,10.0
681,682,0.05,10.0
682,683,0.05,10.0
683,684,0.04999952049770077,10.0
684,685,0.05000093471126315,10.0
685,686,0.05000093471126315,10.0
686,687,0.04999952049770077,10.0
687,688,0.04999952049770077,10.0
688,689,0.05000022760948194,10.0
689,690,0.05000022760948194,10.0
690,691,0.04999952049770077,10.0
691,692,0.05,10.0
692,693,0.04999952049770078,10.0
693,694,0.05000022760948194,10.0
694,695,0.05000022760948194,10.0
695,696,0.04999952049770077,10.0
696,697,0.05,10.0
697,698,0.04999952049770077,10.0
698,699,0.049999999999999996,10.0
699,700,0.049999999999999996,10.0
700,701,0.05000022760948194,10.0
701,702,0.029289,10.0
702,703,0.1,10.0
703,704,0.1,10.0
704,705,0.1,10.0
705,706,0.1,10.0
706,707,0.1,10.0
707,708,0.1,10.0
708,709,0.1,10.0
709,710,0.1,10.0
710,711,0.10000045520896392,10.0
711,712,0.09999904099540154,10.0
712,713,0.09999904099540154,10.0
713,714,0.10000045520896392,10.0
714,715,0.10000045520896392,10.0
715,716,0.09999974810468273,10.0
716,717,0.09999974810468273,10.0
717,718,0.10000045520896392,10.0
718,719,0.1,10.0
719,720,0.10000045520896392,10.0
720,721,0.09999974810468275,10.0
721,722,0.09999974810468273,10.0
722,723,0.10000045520896392,10.0
723,724,0.1,10.0
724,725,0.10000045520896392,10.0
725,726,0.09999999999999999,10.0
726,727,0.09999999999999999,10.0
727,728,0.09999974810468273,10.0
728,729,0.058579,10.0
729,730,0.1,10.0
730,731,0.1,10.0
731,732,0.1,10.0
732,733,0.1,10.0
733,734,0.1,10.0
734,735,0.1,10.0
735,736,0.1,10.0
736,737,0.1,10.0
737,738,0.10000045520896392,10.0
738,739,0.09999904099540154,10.0
739,740,0.09999904099540154,10.0
740,741,0.10000045520896392,10.0
741,742,0.10000045520896392,10.0
742,743,0.09999974810468273,10.0
743,744,0.09999974810468273,10.0
744,745,0.10000045520896392,10.0
745,746,0.1,10.0
746,747,0.10000045520896392,10.0
747,748,0.09999974810468275,10.0
748,749,0.09999974810468273,10.0
749,750,0.10000045520896392,10.0
750,751,0.1,10.0
751,752,0.10000045520896392,10.0
752,753,0.09999999999999999,10.0
753,754,0.09999999999999999,10.0
754,755,0.09999974810468273,10.0
755,756,0.058579,10.0
756,757,0.25,10.0
757,758,0.25,10.0
758,759,0.25,10.0
759,760,0.25,10.0
760,761,0.25,10.0
761,762,0.25,10.0
762,763,0.25,10.0
763,764,0.25,10.0
764,765,0.2500004309156286,10.0
765,766,0.24999901670206628,10.0
766,767,0.24999901670206628,10.0
767,768,0.2500004309156286,10.0
768,769,0.2500004309156286,10.0
769,770,0.24999972380984745,10.0
770,771,0.24999972380984745,10.0
771,772,0.2500004309156286,10.0
772,773,0.25,10.0
773,774,0.2500004309156286,10.0
774,775,0.24999972380984745,10.0
775,776,0.24999972380984745,10.0
776,777,0.2500004309156286,10.0
777,778,0.25,10.0
778,779,0.2500004309156286,10.0
779,780,0.25,10.0
780,781,0.25,10.0
781,782,0.24999972380984742,10.0
782,783,0.146447,10.0
783,784,0.25,10.0
784,785,0.25,10.0
785,786,0.25,10.0
786,787,0.25,10.0
787,788,0.25,10.0
788,789,0.25,10.0
789,790,0.25,10.0
790,791,0.25,10.0
791,792,0.2500004309156286,10.0
792,793,0.24999901670206628,10.0
793,794,0.24999901670206628,10.0
794,795,0.2500004309156286,10.0
795,796,0.2500004309156286,10.0
796,797,0.24999972380984745,10.0
797,798,0.24999972380984745,10.0
798,799,0.2500004309156286,10.0
799,800,0.25,10.0
800,801,0.2500004309156286,10.0
801,802,0.24999972380984745,10.0
802,803,0.24999972380984745,10.0
803,804,0.2500004309156286,10.0
804,805,0.25,10.0
805,806,0.2500004309156286,10.0
806,807,0.25,10.0
807,808,0.25,10.0
808,809,0.24999972380984742,10.0
809,810,0.146447,10.0
810,811,0.001,5.0
811,812,0.001,5.0
812,813,0.001,5.0
813,814,0.001,5.0
814,815,0.001,5.0
815,816,0.001,5.0
816,817,0.001,5.0
817,818,0.001,5.0
818,819,0.000999848988597778,5.0
819,820,0.000999848988597778,5.0
820,821,0.000999848988597778,5.0
821,822,0.000999848988597778,5.0
822,823,0.000999848988597778,5.0
823,824,0.000999848988597778,5.0
824,825,0.000999848988597778,5.0
825,826,0.000999848988597778,5.0
826,827,0.001,5.0
827,828,0.000999848988597778,5.0
828,829,0.000999848988597778,5.0
829,830,0.000999848988597778,5.0
830,831,0.000999848988597778,5.0
831,832,0.001,5.0
832,833,0.000999848988597778,5.0
833,834,0.001,5.0
834,835,0.001,5.0
835,836,0.000999848988597778,5.0
836,837,0.000586,5.0
837,838,0.001,5.0
838,839,0.001,5.0
839,840,0.001,5.0
840,841,0.001,5.0
841,842,0.001,5.0
842,843,0.001,5.0
843,844,0.001,5.0
844,845,0.001,5.0
845,846,0.000999848988597778,5.0
846,847,0.000999848988597778,5.0
847,848,0.000999848988597778,5.0
848,849,0.000999848988597778,5.0
849,850,0.000999848988597778,5.0
850,851,0.000999848988597778,5.0
851,852,0.000999848988597778,5.0
852,853,0.000999848988597778,5.0
853,854,0.001,5.0
854,855,0.000999848988597778,5.0
855,856,0.000999848988597778,5.0
856,857,0.000999848988597778,5.0
857,858,0.000999848988597778,5.0
858,859,0.001,5.0
859,860,0.000999848988597778,5.0
860,861,0.001,5.0
861,862,0.001,5.0
862,863,0.000999848988597778,5.0
863,864,0.000586,5.0
864,865,0.01,5.0
865,866,0.01,5.0
866,867,0.01,5.0
867,868,0.01,5.0
868,869,0.01,5.0
869,870,0.01,5.0
870,871,0.01,5.0
871,872,0.01,5.0
872,873,0.009999904099540154,5.0
873,874,0.009999904099540154,5.0
874,875,0.009999904099540154,5.0
875,876,0.009999904099540154,5.0
876,877,0.009999904099540154,5.0
877,878,0.009999904099540154,5.0
878,879,0.009999904099540154,5.0
879,880,0.009999904099540154,5.0
880,881,0.01,5.0
881,882,0.009999904099540154,5.0
882,883,0.009999904099540154,5.0
883,884,0.009999904099540154,5.0
884,885,0.009999904099540154,5.0
885,886,0.01,5.0
886,887,0.009999904099540154,5.0
887,888,0.01,5.0
888,889,0.009999999999999998,5.0
889,890,0.009999904099540154,5.0
890,891,0.005858,5.0
891,892,0.01,5.0
892,893,0.01,5.0
893,894,0.01,5.0
894,895,0.01,5.0
895,896,0.01,5.0
896,897,0.01,5.0
897,898,0.01,5.0
898,899,0.01,5.0
899,900,0.009999904099540154,5.0
900,901,0.009999904099540154,5.0
901,902,0.009999904099540154,5.0
902,903,0.009999904099540154,5.0
903,904,0.009999904099540154,5.0
904,905,0.009999904099540154,5.0
905,906,0.009999904099540154,5.0
906,907,0.009999904099540154,5.0
907,908,0.01,5.0
908,909,0.009999904099540154,5.0
909,910,0.009999904099540154,5.0
910,911,0.009999904099540154,5.0
911,912,0.009999904099540154,5.0
912,913,0.01,5.0
913,914,0.009999904099540154,5.0
914,915,0.01,5.0
915,916,0.009999999999999998,5.0
916,917,0.009999904099540154,5.0
917,918,0.005858,5.0
918,919,0.05,5.0
919,920,0.05,5.0
920,921,0.05,5.0
921,922,0.05,5.0
922,923,0.05,5.0
923,924,0.05,5.0
924,925,0.05,5.0
925,926,0.05,5.0
926,927,0.04999952049770077,5.0
927,928,0.05000093471126315,5.0
928,929,0.05000093471126315,5.0
929,930,0.04999952049770077,5.0
930,931,0.04999952049770077,5.0
931,932,0.05000022760948194,5.0
932,933,0.05000022760948194,5.0
933,934,0.04999952049770077,5.0
934,935,0.05,5.0
935,936,0.04999952049770078,5.0
936,937,0.05000022760948194,5.0
937,938,0.05000022760948194,5.0
938,939,0.04999952049770077,5.0
939,940,0.05,5.0
940,941,0.04999952049770077,5.0
941,942,0.049999999999999996,5.0
942,943,0.049999999999999996,5.0
943,944,0.05000022760948194,5.0
944,945,0.029289,5.0
945,946,0.05,5.0
946,947,0.05,5.0
947,948,0.05,5.0
948,949,0.05,5.0
949,950,0.05,5.0
950,951,0.05,5.0
951,952,0.05,5.0
952,953,0.05,5.0
953,954,0.04999952049770077,5.0
954,955,0.05000093471126315,5.0
955,956,0.05000093471126315,5.0
956,957,0.04999952049770077,5.0
957,958,0.04999952049770077,5.0
958,959,0.05000022760948194,5.0
959,960,0.05000022760948194,5.0
960,961,0.04999952049770077,5.0
961,962,0.05,5.0
962,963,0.04999952049770078,5.0
963,964,0.05000022760948194,5.0
964,965,0.05000022760948194,5.0
965,966,0.04999952049770077,5.0
966,967,0.05,5.0
967,968,0.04999952049770077,5.0
968,969,0.049999999999999996,5.0
969,970,0.049999999999999996,5.0
970,971,0.05000022760948194,5.0
971,972,0.029289,5.0
972,973,0.1,5.0
973,974,0.1,5.0
974,975,0.1,5.0
975,976,0.1,5.0
976,977,0.1,5.0
977,978,0.1,5.0
978,979,0.1,5.0
979,980,0.1,5.0
980,981,0.10000045520896392,5.0
981,982,0.09999904099540154,5.0
982,983,0.09999904099540154,5.0
983,984,0.10000045520896392,5.0
984,985,0.10000045520896392,5.0
985,986,0.09999974810468273,5.0
986,987,0.09999974810468273,5.0
987,988,0.10000045520896392,5.0
988,989,0.1,5.0
989,990,0.10000045520896392,5.0
990,991,0.09999974810468275,5.0
991,992,0.09999974810468273,5.0
992,993,0.10000045520896392,5.0
993,994,0.1,5.0
994,995,0.10000045520896392,5.0
995,996,0.09999999999999999,5.0
996,997,0.09999999999999999,5.0
997,998,0.09999974810468273,5.0
998,999,0.058579,5.0
999,1000,0.1,5.0
1000,1001,0.1,5.0
1001,1002,0.1,5.0
1002,1003,0.1,5.0
1003,1004,0.1,5.0
1004,1005,0.1,5.0
1005,1006,0.1,5.0
1006,1007,0.1,5.0
1007,1008,0.10000045520896392,5.0
1008,1009,0.09999904099540154,5.0
1009,1010,0.09999904099540154,5.0
1010,1011,0.10000045520896392,5.0
1011,1012,0.10000045520896392,5.0
1012,1013,0.09999974810468273,5.0
1013,1014,0.09999974810468273,5.0
1014,1015,0.10000045520896392,5.0
1015,1016,0.1,5.0
1016,1017,0.10000045520896392,5.0
1017,1018,0.09999974810468275,5.0
1018,1019,0.09999974810468273,5.0
1019,1020,0.10000045520896392,5.0
1020,1021,0.1,5.0
1021,1022,0.10000045520896392,5.0
1022,1023,0.09999999999999999,5.0
1023,1024,0.09999999999999999,5.0
1024,1025,0.09999974810468273,5.0
1025,1026,0.058579,5.0
1026,1027,0.25,5.0
1027,1028,0.25,5.0
1028,1029,0.25,5.0
1029,1030,0.25,5.0
1030,1031,0.25,5.0
1031,1032,0.25,5.0
1032,1033,0.25,5.0
1033,1034,0.25,5.0
1034,1035,0.2500004309156286,5.0
1035,1036,0.24999901670206628,5.0
1036,1037,0.24999901670206628,5.0
1037,1038,0.2500004309156286,5.0
1038,1039,0.2500004309156286,5.0
1039,1040,0.24999972380984745,5.0
1040,1041,0.24999972380984745,5.0
1041,1042,0.2500004309156286,5.0
1042,1043,0.25,5.0
1043,1044,0.2500004309156286,5.0
1044,1045,0.24999972380984745,5.0
1045,1046,0.24999972380984745,5.0
1046,1047,0.2500004309156286,5.0
1047,1048,0.25,5.0
1048,1049,0.2500004309156286,5.0
1049,1050,0.25,5.0
1050,1051,0.25,5.0
1051,1052,0.24999972380984742,5.0
1052,1053,0.146447,5.0
1053,1054,0.25,5.0
1054,1055,0.25,5.0
1055,1056,0.25,5.0
1056,1057,0.25,5.0
1057,1058,0.25,5.0
1058,1059,0.25,5.0
1059,1060,0.25,5.0
1060,1061,0.25,5.0
1061,1062,0.2500004309156286,5.0
1062,1063,0.24999901670206628,5.0
1063,1064,0.24999901670206628,5.0
1064,1065,0.2500004309156286,5.0
1065,1066,0.2500004309156286,5.0
1066,1067,0.24999972380984745,5.0
1067,1068,0.24999972380984745,5.0
1068,1069,0.2500004309156286,5.0
1069,1070,0.25,5.0
1070,1071,0.2500004309156286,5.0
1071,1072,0.24999972380984745,5.0
1072,1073,0.24999972380984745,5.0
1073,1074,0.2500004309156286,5.0
1074,1075,0.25,5.0
1075,1076,0.2500004309156286,5.0
1076,1077,0.25,5.0
1077,1078,0.25,5.0
1078,1079,0.24999972380984742,5.0
1079,1080,0.146447,5.0
1080,1081,0.001,1.0
1081,1082,0.001,1.0
1082,1083,0.001,1.0
1083,1084,0.001,1.0
1084,1085,0.001,1.0
1085,1086,0.001,1.0
1086,1087,0.001,1.0
1087,1088,0.001,1.0
1088,1089,0.000999848988597778,1.0
1089,1090,0.000999848988597778,1.0
1090,1091,0.000999848988597778,1.0
1091,1092,0.000999848988597778,1.0
1092,1093,0.000999848988597778,1.0
1093,1094,0.000999848988597778,1.0
1094,1095,0.000999848988597778,1.0
1095,1096,0.000999848988597778,1.0
1096,1097,0.001,1.0
1097,1098,0.000999848988597778,1.0
1098,1099,0.000999848988597778,1.0
1099,1100,0.000999848988597778,1.0
1100,1101,0.000999848988597778,1.0
1101,1102,0.001,1.0
1102,1103,0.000999848988597778,1.0
1103,1104,0.001,1.0
1104,1105,0.001,1.0
1105,1106,0.000999848988597778,1.0
1106,1107,0.000586,1.0
1107,1108,0.001,1.0
1108,1109,0.001,1.0
1109,1110,0.001,1.0
1110,1111,0.001,1.0
1111,1112,0.001,1.0
1112,1113,0.001,1.0
1113,1114,0.001,1.0
1114,1115,0.001,1.0
1115,1116,0.000999848988597778,1.0
1116,1117,0.000999848988597778,1.0
1117,1118,0.000999848988597778,1.0
1118,1119,0.000999848988597778,1.0
1119,1120,0.000999848988597778,1.0
1120,1121,0.000999848988597778,1.0
1121,1122,0.000999848988597778,1.0
1122,1123,0.000999848988597778,1.0
1123,1124,0.001,1.0
1124,1125,0.000999848988597778,1.0
1125,1126,0.000999848988597778,1.0
1126,1127,0.000999848988597778,1.0
1127,1128,0.000999848988597778,1.0
1128,1129,0.001,1.0
1129,1130,0.000999848988597778,1.0
1130,1131,0.001,1.0
1131,1132,0.001,1.0
1132,1133,0.000999848988597778,1.0
1133,1134,0.000586,1.0
1134,1135,0.01,1.0
1135,1136,0.01,1.0
1136,1137,0.01,1.0
1137,1138,0.01,1.0
1138,1139,0.01,1.0
1139,1140,0.01,1.0
1140,1141,0.01,1.0
1141,1142,0.01,1.0
1142,1143,0.009999904099540154,1.0
1143,1144,0.009999904099540154,1.0
1144,1145,0.009999904099540154,1.0
1145,1146,0.009999904099540154,1.0
1146,1147,0.009999904099540154,1.0
1147,1148,0.009999904099540154,1.0
1148,1149,0.009999904099540154,1.0
1149,1150,0.009999904099540154,1.0
1150,1151,0.01,1.0
1151,1152,0.009999904099540154,1.0
1152,1153,0.009999904099540154,1.0
1153,1154,0.009999904099540154,1.0
1154,1155,0.009999904099540154,1.0
1155,1156,0.01,1.0
1156,1157,0.009999904099540154,1.0
1157,1158,0.01,1.0
1158,1159,0.009999999999999998,1.0
1159,1160,0.009999904099540154,1.0
1160,1161,0.005858,1.0
1161,1162,0.01,1.0
1162,1163,0.01,1.0
1163,1164,0.01,1.0
1164,1165,0.01,1.0
1165,1166,0.01,1.0
1166,1167,0.01,1.0
1167,1168,0.01,1.0
1168,1169,0.01,1.0
1169,1170,0.009999904099540154,1.0
1170,1171,0.009999904099540154,1.0
1171,1172,0.009999904099540154,1.0
1172,1173,0.009999904099540154,1.0
1173,1174,0.009999904099540154,1.0
1174,1175,0.009999904099540154,1.0
1175,1176,0.009999904099540154,1.0
1176,1177,0.009999904099540154,1.0
1177,1178,0.01,1.0
1178,1179,0.009999904099540154,1.0
1179,1180,0.009999904099540154,1.0
1180,1181,0.009999904099540154,1.0
1181,1182,0.009999904099540154,1.0
1182,1183,0.01,1.0
1183,1184,0.009999904099540154,1.0
1184,1185,0.01,1.0
1185,1186,0.009999999999999998,1.0
1186,1187,0.009999904099540154,1.0
1187,1188,0.005858,1.0
1188,1189,0.05,1.0
1189,1190,0.05,1.0
1190,1191,0.05,1.0
1191,1192,0.05,1.0
1192,1193,0.05,1.0
1193,1194,0.05,1.0
1194,1195,0.05,1.0
1195,1196,0.05,1.0
1196,1197,0.04999952049770077,1.0
1197,1198,0.05000093471126315,1.0
1198,1199,0.05000093471126315,1.0
1199,1200,0.04999952049770077,1.0
1200,1201,0.04999952049770077,1.0
1201,1202,0.05000022760948194,1.0
1202,1203,0.05000022760948194,1.0
1203,1204,0.04999952049770077,1.0
1204,1205,0.05,1.0
1205,1206,0.04999952049770078,1.0
1206,1207,0.05000022760948194,1.0
1207,1208,0.05000022760948194,1.0
1208,1209,0.04999952049770077,1.0
1209,1210,0.05,1.0
1210,1211,0.04999952049770077,1.0
1211,1212,0.049999999999999996,1.0
1212,1213,0.049999999999999996,1.0
1213,1214,0.05000022760948194,1.0
1214,1215,0.029289,1.0
1215,1216,0.05,1.0
1216,1217,0.05,1.0
1217,1218,0.05,1.0
1218,1219,0.05,1.0
1219,1220,0.05,1.0
1220,1221,0.05,1.0
1221,1222,0.05,1.0
1222,1223,0.05,1.0
1223,1224,0.04999952049770077,1.0
1224,1225,0.05000093471126315,1.0
1225,1226,0.05000093471126315,1.0
1226,1227,0.04999952049770077,1.0
1227,1228,0.04999952049770077,1.0
1228,1229,0.05000022760948194,1.0
1229,1230,0.05000022760948194,1.0
1230,1231,0.04999952049770077,1.0
1231,1232,0.05,1.0
1232,1233,0.04999952049770078,1.0
1233,1234,0.05000022760948194,1.0
1234,1235,0.05000022760948194,1.0
1235,1236,0.04999952049770077,1.0
1236,1237,0.05,1.0
1237,1238,0.04999952049770077,1.0
1238,1239,0.049999999999999996,1.0
1239,1240,0.049999999999999996,1.0
1240,1241,0.05000022760948194,1.0
1241,1242,0.029289,1.0
1242,1243,0.1,1.0
1243,1244,0.1,1.0
1244,1245,0.1,1.0
1245,1246,0.1,1.0
1246,1247,0.1,1.0
1247,1248,0.1,1.0
1248,1249,0.1,1.0
1249,1250,0.1,1.0
1250,1251,0.10000045520896392,1.0
1251,1252,0.09999904099540154,1.0
1252,1253,0.09999904099540154,1.0
1253,1254,0.10000045520896392,1.0
1254,1255,0.10000045520896392,1.0
1255,1256,0.09999974810468273,1.0
1256,1257,0.09999974810468273,1.0
1257,1258,0.10000045520896392,1.0
1258,1259,0.1,1.0
1259,1260,0.10000045520896392,1.0
1260,1261,0.09999974810468275,1.0
1261,1262,0.09999974810468273,1.0
1262,1263,0.10000045520896392,1.0
1263,1264,0.1,1.0
1264,1265,0.10000045520896392,1.0
1265,1266,0.09999999999999999,1.0
1266,1267,0.09999999999999999,1.0
1267,1268,0.09999974810468273,1.0
1268,1269,0.058579,1.0
1269,1270,0.1,1.0
1270,1271,0.1,1.0
1271,1272,0.1,1.0
1272,1273,0.1,1.0
1273,1274,0.1,1.0
1274,1275,0.1,1.0
1275,1276,0.1,1.0
1276,1277,0.1,1.0
1277,1278,0.10000045520896392,1.0
1278,1279,0.09999904099540154,1.0
1279,1280,0.09999904099540154,1.0
1280,1281,0.10000045520896392,1.0
1281,1282,0.10000045520896392,1.0
1282,1283,0.09999974810468273,1.0
1283,1284,0.09999974810468273,1.0
1284,1285,0.10000045520896392,1.0
1285,1286,0.1,1.0
1286,1287,0.10000045520896392,1.0
1287,1288,0.09999974810468275,1.0
1288,1289,0.09999974810468273,1.0
1289,1290,0.10000045520896392,1.0
1290,1291,0.1,1.0
1291,1292,0.10000045520896392,1.0
1292,1293,0.09999999999999999,1.0
1293,1294,0.09999999999999999,1.0
1294,1295,0.09999974810468273,1.0
1295,1296,0.058579,1.0
1296,1297,0.25,1.0
1297,1298,0.25,1.0
1298,1299,0.25,1.0
1299,1300,0.25,1.0
1300,1301,0.25,1.0
1301,1302,0.25,1.0
1302,1303,0.25,1.0
1303,1304,0.25,1.0
1304,1305,0.2500004309156286,1.0
1305,1306,0.24999901670206628,1.0
1306,1307,0.24999901670206628,1.0
1307,1308,0.2500004309156286,1.0
1308,1309,0.2500004309156286,1.0
1309,1310,0.24999972380984745,1.0
1310,1311,0.24999972380984745,1.0
1311,1312,0.2500004309156286,1.0
1312,1313,0.25,1.0
1313,1314,0.2500004309156286,1.0
1314,1315,0.24999972380984745,1.0
1315,1316,0.24999972380984745,1.0
1316,1317,0.2500004309156286,1.0
1317,1318,0.25,1.0
1318,1319,0.2500004309156286,1.0
1319,1320,0.25,1.0
1320,1321,0.25,1.0
1321,1322,0.24999972380984742,1.0
1322,1323,0.146447,1.0
1323,1324,0.25,1.0
1324,1325,0.25,1.0
1325,1326,0.25,1.0
1326,1327,0.25,1.0
1327,1328,0.25,1.0
1328,1329,0.25,1.0
1329,1330,0.25,1.0
1330,1331,0.25,1.0
1331,1332,0.2500004309156286,1.0
1332,1333,0.24999901670206628,1.0
1333,1334,0.24999901670206628,1.0
1334,1335,0.2500004309156286,1.0
1335,1336,0.2500004309156286,1.0
1336,1337,0.24999972380984745,1.0
1337,1338,0.24999972380984745,1.0
1338,1339,0.2500004309156286,1.0
1339,1340,0.25,1.0
1340,1341,0.2500004309156286,1.0
1341,1342,0.24999972380984745,1.0
1342,1343,0.24999972380984745,1.0
1343,1344,0.2500004309156286,1.0
1344,1345,0.25,1.0
1345,1346,0.2500004309156286,1.0
1346,1347,0.25,1.0
1347,1348,0.25,1.0
1348,1349,0.24999972380984742,1.0
1349,1350,0.146447,1.0
1350,1351,0.001,0.1
1351,1352,0.001,0.1
1352,1353,0.001,0.1
1353,1354,0.001,0.1
1354,1355,0.001,0.1
1355,1356,0.001,0.1
1356,1357,0.001,0.1
1357,1358,0.001,0.1
1358,1359,0.000999848988597778,0.1
1359,1360,0.000999848988597778,0.1
1360,1361,0.000999848988597778,0.1
1361,1362,0.000999848988597778,0.1
1362,1363,0.000999848988597778,0.1
1363,1364,0.000999848988597778,0.1
1364,1365,0.000999848988597778,0.1
1365,1366,0.000999848988597778,0.1
1366,1367,0.001,0.1
1367,1368,0.000999848988597778,0.1
1368,1369,0.000999848988597778,0.1
1369,1370,0.000999848988597778,0.1
1370,1371,0.000999848988597778,0.1
1371,1372,0.001,0.1
1372,1373,0.000999848988597778,0.1
1373,1374,0.001,0.1
1374,1375,0.001,0.1
1375,1376,0.000999848988597778,0.1
1376,1377,0.000586,0.1
1377,1378,0.001,0.1
1378,1379,0.001,0.1
1379,1380,0.001,0.1
1380,1381,0.001,0.1
1381,1382,0.001,0.1
1382,1383,0.001,0.1
1383,1384,0.001,0.1
1384,1385,0.001,0.1
1385,1386,0.000999848988597778,0.1
1386,1387,0.000999848988597778,0.1
1387,1388,0.000999848988597778,0.1
1388,1389,0.000999848988597778,0.1
1389,1390,0.000999848988597778,0.1
1390,1391,0.000999848988597778,0.1
1391,1392,0.000999848988597778,0.1
1392,1393,0.000999848988597778,0.1
1393,1394,0.001,0.1
1394,1395,0.000999848988597778,0.1
1395,1396,0.000999848988597778,0.1
1396,1397,0.000999848988597778,0.1
1397,1398,0.000999848988597778,0.1
1398,1399,0.001,0.1
1399,1400,0.000999848988597778,0.1
1400,1401,0.001,0.1
1401,1402,0.001,0.1
1402,1403,0.000999848988597778,0.1
1403,1404,0.000586,0.1
1404,1405,0.01,0.1
1405,1406,0.01,0.1
1406,1407,0.01,0.1
1407,1408,0.01,0.1
1408,1409,0.01,0.1
1409,1410,0.01,0.1
1410,1411,0.01,0.1
1411,1412,0.01,0.1
1412,1413,0.009999904099540154,0.1
1413,1414,0.009999904099540154,0.1
1414,1415,0.009999904099540154,0.1
1415,1416,0.009999904099540154,0.1
1416,1417,0.009999904099540154,0.1
1417,1418,0.009999904099540154,0.1
1418,1419,0.009999904099540154,0.1
1419,1420,0.009999904099540154,0.1
1420,1421,0.01,0.1
1421,1422,0.009999904099540154,0.1
1422,1423,0.009999904099540154,0.1
1423,1424,0.009999904099540154,0.1
1424,1425,0.009999904099540154,0.1
1425,1426,0.01,0.1
1426,1427,0.009999904099540154,0.1
1427,1428,0.01,0.1
1428,1429,0.009999999999999998,0.1
1429,1430,0.009999904099540154,0.1
1430,1431,0.005858,0.1
1431,1432,0.01,0.1
1432,1433,0.01,0.1
1433,1434,0.01,0.1
1434,1435,0.01,0.1
1435,1436,0.01,0.1
1436,1437,0.01,0.1
1437,1438,0.01,0.1
1438,1439,0.01,0.1
1439,1440,0.009999904099540154,0.1
1440,1441,0.009999904099540154,0.1
1441,1442,0.009999904099540154,0.1
1442,1443,0.009999904099540154,0.1
1443,1444,0.009999904099540154,0.1
1444,1445,0.009999904099540154,0.1
1445,1446,0.009999904099540154,0.1
1446,1447,0.009999904099540154,0.1
1447,1448,0.01,0.1
1448,1449,0.009999904099540154,0.1
1449,1450,0.009999904099540154,0.1
1450,1451,0.009999904099540154,0.1
1451,1452,0.009999904099540154,0.1
1452,1453,0.01,0.1
1453,1454,0.009999904099540154,0.1
1454,1455,0.01,0.1
1455,1456,0.009999999999999998,0.1
1456,1457,0.009999904099540154,0.1
1457,1458,0.005858,0.1
1458,1459,0.05,0.1
1459,1460,0.05,0.1
1460,1461,0.05,0.1
1461,1462,0.05,0.1
1462,1463,0.05,0.1
1463,1464,0.05,0.1
1464,1465,0.05,0.1
1465,1466,0.05,0.1
1466,1467,0.04999952049770077,0.1
1467,1468,0.05000093471126315,0.1
1468,1469,0.05000093471126315,0.1
1469,1470,0.04999952049770077,0.1
1470,1471,0.04999952049770077,0.1
1471,1472,0.05000022760948194,0.1
1472,1473,0.05000022760948194,0.1
1473,1474,0.04999952049770077,0.1
1474,1475,0.05,0.1
1475,1476,0.04999952049770078,0.1
1476,1477,0.05000022760948194,0.1
1477,1478,0.05000022760948194,0.1
1478,1479,0.04999952049770077,0.1
1479,1480,0.05,0.1
1480,1481,0.04999952049770077,0.1
1481,1482,0.049999999999999996,0.1
1482,1483,0.049999999999999996,0.1
1483,1484,0.05000022760948194,0.1
1484,1485,0.029289,0.1
1485,1486,0.05,0.1
1486,1487,0.05,0.1
1487,1488,0.05,0.1
1488,1489,0.05,0.1
1489,1490,0.05,0.1
1490,1491,0.05,0.1
1491,1492,0.05,0.1
1492,1493,0.05,0.1
1493,1494,0.04999952049770077,0.1
1494,1495,0.05000093471126315,0.1
1495,1496,0.05000093471126315,0.1
1496,1497,0.04999952049770077,0.1
1497,1498,0.04999952049770077,0.1
1498,1499,0.05000022760948194,0.1
1499,1500,0.05000022760948194,0.1
1500,1501,0.04999952049770077,0.1
1501,1502,0.05,0.1
1502,1503,0.04999952049770078,0.1
1503,1504,0.05000022760948194,0.1
1504,1505,0.05000022760948194,0.1
1505,1506,0.04999952049770077,0.1
1506,1507,0.05,0.1
1507,1508,0.04999952049770077,0.1
1508,1509,0.049999999999999996,0.1
1509,1510,0.049999999999999996,0.1
1510,1511,0.05000022760948194,0.1
1511,1512,0.029289,0.1
1512,1513,0.1,0.1
1513,1514,0.1,0.1
1514,1515,0.1,0.1
1515,1516,0.1,0.1
1516,1517,0.1,0.1
1517,1518,0.1,0.1
1518,1519,0.1,0.1
1519,1520,0.1,0.1
1520,1521,0.10000045520896392,0.1
1521,1522,0.09999904099540154,0.1
1522,1523,0.09999904099540154,0.1
1523,1524,0.10000045520896392,0.1
1524,1525,0.10000045520896392,0.1
1525,1526,0.09999974810468273,0.1
1526,1527,0.09999974810468273,0.1
1527,1528,0.10000045520896392,0.1
1528,1529,0.1,0.1
1529,1530,0.10000045520896392,0.1
1530,1531,0.09999974810468275,0.1
1531,1532,0.09999974810468273,0.1
1532,1533,0.10000045520896392,0.1
1533,1534,0.1,0.1
1534,1535,0.10000045520896392,0.1
1535,1536,0.09999999999999999,0.1
1536,1537,0.09999999999999999,0.1
1537,1538,0.09999974810468273,0.1
1538,1539,0.058579,0.1
1539,1540,0.1,0.1
1540,1541,0.1,0.1
1541,1542,0.1,0.1
1542,1543,0.1,0.1
1543,1544,0.1,0.1
1544,1545,0.1,0.1
1545,1546,0.1,0.1
1546,1547,0.1,0.1
1547,1548,0.10000045520896392,0.1
1548,1549,0.09999904099540154,0.1
1549,1550,0.09999904099540154,0.1
1550,1551,0.10000045520896392,0.1
1551,1552,0.10000045520896392,0.1
1552,1553,0.09999974810468273,0.1
1553,1554,0.09999974810468273,0.1
1554,1555,0.10000045520896392,0.1
1555,1556,0.1,0.1
1556,1557,0.10000045520896392,0.1
1557,1558,0.09999974810468275,0.1
1558,1559,0.09999974810468273,0.1
1559,1560,0.10000045520896392,0.1
1560,1561,0.1,0.1
1561,1562,0.10000045520896392,0.1
1562,1563,0.09999999999999999,0.1
1563,1564,0.09999999999999999,0.1
1564,1565,0.09999974810468273,0.1
1565,1566,0.058579,0.1
1566,1567,0.25,0.1
1567,1568,0.25,0.1
1568,1569,0.25,0.1
1569,1570,0.25,0.1
1570,1571,0.25,0.1
1571,1572,0.25,0.1
1572,1573,0.25,0.1
1573,1574,0.25,0.1
1574,1575,0.2500004309156286,0.1
1575,1576,0.24999901670206628,0.1
1576,1577,0.24999901670206628,0.1
1577,1578,0.2500004309156286,0.1
1578,1579,0.2500004309156286,0.1
1579,1580,0.24999972380984745,0.1
1580,1581,0.24999972380984745,0.1
1581,1582,0.2500004309156286,0.1
1582,1583,0.25,0.1
1583,1584,0.2500004309156286,0.1
1584,1585,0.24999972380984745,0.1
1585,1586,0.24999972380984745,0.1
1586,1587,0.2500004309156286,0.1
1587,1588,0.25,0.1
1588,1589,0.2500004309156286,0.1
1589,1590,0.25,0.1
1590,1591,0.25,0.1
1591,1592,0.24999972380984742,0.1
1592,1593,0.146447,0.1
1593,1594,0.25,0.1
1594,1595,0.25,0.1
1595,1596,0.25,0.1
1596,1597,0.25,0.1
1597,1598,0.25,0.1
1598,1599,0.25,0.1
1599,1600,0.25,0.1
1600,1601,0.25,0.1
1601,1602,0.2500004309156286,0.1
1602,1603,0.24999901670206628,0.1
1603,1604,0.24999901670206628,0.1
1604,1605,0.2500004309156286,0.1
1605,1606,0.2500004309156286,0.1
1606,1607,0.24999972380984745,0.1
1607,1608,0.24999972380984745,0.1
1608,1609,0.2500004309156286,0.1
1609,1610,0.25,0.1
1610,1611,0.2500004309156286,0.1
1611,1612,0.24999972380984745,0.1
1612,1613,0.24999972380984745,0.1
1613,1614,0.2500004309156286,0.1
1614,1615,0.25,0.1
1615,1616,0.2500004309156286,0.1
1616,1617,0.25,0.1
1617,1618,0.25,0.1
1618,1619,0.24999972380984742,0.1
1619,1620,0.146447,0.1
1620,1621,0.0,10.0
1621,1622,0.1,10.0
1622,1623,0.1,10.0
1623,1624,0.09999999999999998,10.0
1624,1625,0.10000000000000003,10.0
1625,1626,0.09999999999999998,10.0
1626,1627,0.09999999999999998,10.0
1627,1628,0.09999999999999998,10.0
1628,1629,0.10000000000000009,10.0
1629,1630,0.09999999999999998,10.0
1630,1631,0.9055385138137417,10.0
1631,1632,0.1,10.0
1632,1633,0.1,10.0
1633,1634,0.09999999999999998,10.0
1634,1635,0.10000000000000003,10.0
1635,1636,0.09999999999999998,10.0
1636,1637,0.09999999999999998,10.0
1637,1638,0.09999999999999998,10.0
1638,1639,0.10000000000000009,10.0
1639,1640,0.09999999999999998,10.0
1640,1641,0.9055385138137417,10.0
1641,1642,0.1,10.0
1642,1643,0.1,10.0
1643,1644,0.09999999999999998,10.0
1644,1645,0.10000000000000003,10.0
1645,1646,0.09999999999999998,10.0
1646,1647,0.09999999999999998,10.0
1647,1648,0.09999999999999998,10.0
1648,1649,0.10000000000000009,10.0
1649,1650,0.09999999999999998,10.0
1650,1651,0.9055385138137417,10.0
1651,1652,0.1,10.0
1652,1653,0.1,10.0
1653,1654,0.09999999999999998,10.0
1654,1655,0.10000000000000003,10.0
1655,1656,0.09999999999999998,10.0
1656,1657,0.09999999999999998,10.0
1657,1658,0.09999999999999998,10.0
1658,1659,0.10000000000000009,10.0
1659,1660,0.09999999999999998,10.0
1660,1661,0.9055385138137417,10.0
1661,1662,0.1,10.0
1662,1663,0.1,10.0
1663,1664,0.09999999999999998,10.0
1664,1665,0.10000000000000003,10.0
1665,1666,0.09999999999999998,10.0
1666,1667,0.09999999999999998,10.0
1667,1668,0.09999999999999998,10.0
1668,1669,0.10000000000000009,10.0
1669,1670,0.09999999999999998,10.0
1670,1671,0.9055385138137417,10.0
1671,1672,0.1,10.0
1672,1673,0.1,10.0
1673,1674,0.09999999999999998,10.0
1674,1675,0.10000000000000003,10.0
1675,1676,0.09999999999999998,10.0
1676,1677,0.09999999999999998,10.0
1677,1678,0.09999999999999998,10.0
1678,1679,0.10000000000000009,10.0
1679,1680,0.09999999999999998,10.0
1680,1681,0.9055385138137417,10.0
1681,1682,0.1,10.0
1682,1683,0.1,10.0
1683,1684,0.09999999999999998,10.0
1684,1685,0.10000000000000003,10.0
1685,1686,0.09999999999999998,10.0
1686,1687,0.09999999999999998,10.0
1687,1688,0.09999999999999998,10.0
1688,1689,0.10000000000000009,10.0
1689,1690,0.09999999999999998,10.0
1690,1691,0.9055385138137417,10.0
1691,1692,0.1,10.0
1692,1693,0.1,10.0
1693,1694,0.09999999999999998,10.0
1694,1695,0.10000000000000003,10.0
1695,1696,0.09999999999999998,10.0
1696,1697,0.09999999999999998,10.0
1697,1698,0.09999999999999998,10.0
1698,1699,0.10000000000000009,10.0
1699,1700,0.09999999999999998,10.0
1700,1701,0.9055385138137417,10.0
1701,1702,0.1,10.0
1702,1703,0.1,10.0
1703,1704,0.09999999999999998,10.0
1704,1705,0.10000000000000003,10.0
1705,1706,0.09999999999999998,10.0
1706,1707,0.09999999999999998,10.0
1707,1708,0.09999999999999998,10.0
1708,1709,0.10000000000000009,10.0
1709,1710,0.09999999999999998,10.0
1710,1711,0.9055385138137417,10.0
1711,1712,0.1,10.0
1712,1713,0.1,10.0
1713,1714,0.09999999999999998,10.0
1714,1715,0.10000000000000003,10.0
1715,1716,0.09999999999999998,10.0
1716,1717,0.09999999999999998,10.0
1717,1718,0.09999999999999998,10.0
1718,1719,0.10000000000000009,10.0
1719,1720,0.09999999999999998,10.0
1720,1721,1.2727922061357855,10.0
